Date,City,Value
2010-01-01,Colombo,584
2010-02-01,Colombo,606
2010-03-01,Colombo,294
2010-04-01,Colombo,224
2010-05-01,Colombo,296
2010-06-01,Colombo,700
2010-07-01,Colombo,1530
2010-08-01,Colombo,881
2010-09-01,Colombo,312
2010-10-01,Colombo,267
2010-11-01,Colombo,97
2010-12-01,Colombo,146
2010-01-01,Gampaha,608
2010-02-01,Gampaha,623
2010-03-01,Gampaha,306
2010-04-01,Gampaha,205
2010-05-01,Gampaha,295
2010-06-01,Gampaha,381
2010-07-01,Gampaha,686
2010-08-01,Gampaha,417
2010-09-01,Gampaha,174
2010-10-01,Gampaha,101
2010-11-01,Gampaha,77
2010-12-01,Gampaha,87
2010-01-01,Kalutara,121
2010-02-01,Kalutara,124
2010-03-01,Kalutara,119
2010-04-01,Kalutara,114
2010-05-01,Kalutara,185
2010-06-01,Kalutara,294
2010-07-01,Kalutara,420
2010-08-01,Kalutara,215
2010-09-01,Kalutara,122
2010-10-01,Kalutara,56
2010-11-01,Kalutara,23
2010-12-01,Kalutara,19
2010-01-01,Kandy,211
2010-02-01,Kandy,174
2010-03-01,Kandy,116
2010-04-01,Kandy,89
2010-05-01,Kandy,114
2010-06-01,Kandy,176
2010-07-01,Kandy,341
2010-08-01,Kandy,230
2010-09-01,Kandy,91
2010-10-01,Kandy,64
2010-11-01,Kandy,22
2010-12-01,Kandy,16
2010-01-01,Matale,138
2010-02-01,Matale,113
2010-03-01,Matale,35
2010-04-01,Matale,46
2010-05-01,Matale,35
2010-06-01,Matale,35
2010-07-01,Matale,97
2010-08-01,Matale,43
2010-09-01,Matale,23
2010-10-01,Matale,21
2010-11-01,Matale,19
2010-12-01,Matale,45
2010-01-01,N eliya,28
2010-02-01,N eliya,11
2010-03-01,N eliya,15
2010-04-01,N eliya,6
2010-05-01,N eliya,14
2010-06-01,N eliya,13
2010-07-01,N eliya,45
2010-08-01,N eliya,44
2010-09-01,N eliya,21
2010-10-01,N eliya,21
2010-11-01,N eliya,6
2010-12-01,N eliya,3
2010-01-01,Galle,36
2010-02-01,Galle,79
2010-03-01,Galle,86
2010-04-01,Galle,115
2010-05-01,Galle,83
2010-06-01,Galle,145
2010-07-01,Galle,228
2010-08-01,Galle,169
2010-09-01,Galle,105
2010-10-01,Galle,49
2010-11-01,Galle,11
2010-12-01,Galle,7
2010-01-01,Hambantota,49
2010-02-01,Hambantota,128
2010-03-01,Hambantota,85
2010-04-01,Hambantota,45
2010-05-01,Hambantota,29
2010-06-01,Hambantota,82
2010-07-01,Hambantota,161
2010-08-01,Hambantota,122
2010-09-01,Hambantota,67
2010-10-01,Hambantota,24
2010-11-01,Hambantota,7
2010-12-01,Hambantota,10
2010-01-01,Matara,36
2010-02-01,Matara,44
2010-03-01,Matara,41
2010-04-01,Matara,29
2010-05-01,Matara,28
2010-06-01,Matara,67
2010-07-01,Matara,148
2010-08-01,Matara,110
2010-09-01,Matara,62
2010-10-01,Matara,25
2010-11-01,Matara,15
2010-12-01,Matara,9
2010-01-01,Jaffna,858
2010-02-01,Jaffna,878
2010-03-01,Jaffna,170
2010-04-01,Jaffna,145
2010-05-01,Jaffna,82
2010-06-01,Jaffna,237
2010-07-01,Jaffna,236
2010-08-01,Jaffna,96
2010-09-01,Jaffna,40
2010-10-01,Jaffna,78
2010-11-01,Jaffna,79
2010-12-01,Jaffna,121
2010-01-01,Killinochchi,0
2010-02-01,Killinochchi,0
2010-03-01,Killinochchi,0
2010-04-01,Killinochchi,1
2010-05-01,Killinochchi,0
2010-06-01,Killinochchi,4
2010-07-01,Killinochchi,5
2010-08-01,Killinochchi,18
2010-09-01,Killinochchi,12
2010-10-01,Killinochchi,2
2010-11-01,Killinochchi,5
2010-12-01,Killinochchi,6
2010-01-01,Mannar,26
2010-02-01,Mannar,23
2010-03-01,Mannar,14
2010-04-01,Mannar,16
2010-05-01,Mannar,9
2010-06-01,Mannar,55
2010-07-01,Mannar,94
2010-08-01,Mannar,222
2010-09-01,Mannar,62
2010-10-01,Mannar,28
2010-11-01,Mannar,14
2010-12-01,Mannar,5
2010-01-01,Vauniya,336
2010-02-01,Vauniya,91
2010-03-01,Vauniya,40
2010-04-01,Vauniya,14
2010-05-01,Vauniya,6
2010-06-01,Vauniya,21
2010-07-01,Vauniya,27
2010-08-01,Vauniya,22
2010-09-01,Vauniya,12
2010-10-01,Vauniya,3
2010-11-01,Vauniya,3
2010-12-01,Vauniya,4
2010-01-01,Mulative,0
2010-02-01,Mulative,0
2010-03-01,Mulative,0
2010-04-01,Mulative,0
2010-05-01,Mulative,1
2010-06-01,Mulative,0
2010-07-01,Mulative,2
2010-08-01,Mulative,8
2010-09-01,Mulative,7
2010-10-01,Mulative,3
2010-11-01,Mulative,1
2010-12-01,Mulative,1
2010-01-01,Battocolo,305
2010-02-01,Battocolo,314
2010-03-01,Battocolo,202
2010-04-01,Battocolo,184
2010-05-01,Battocolo,48
2010-06-01,Battocolo,59
2010-07-01,Battocolo,59
2010-08-01,Battocolo,25
2010-09-01,Battocolo,4
2010-10-01,Battocolo,8
2010-11-01,Battocolo,13
2010-12-01,Battocolo,29
2010-01-01,Ampara,12
2010-02-01,Ampara,13
2010-03-01,Ampara,25
2010-04-01,Ampara,19
2010-05-01,Ampara,9
2010-06-01,Ampara,6
2010-07-01,Ampara,30
2010-08-01,Ampara,21
2010-09-01,Ampara,19
2010-10-01,Ampara,5
2010-11-01,Ampara,1
2010-12-01,Ampara,8
2010-01-01,Trincomalee,233
2010-02-01,Trincomalee,283
2010-03-01,Trincomalee,145
2010-04-01,Trincomalee,60
2010-05-01,Trincomalee,22
2010-06-01,Trincomalee,38
2010-07-01,Trincomalee,89
2010-08-01,Trincomalee,46
2010-09-01,Trincomalee,21
2010-10-01,Trincomalee,17
2010-11-01,Trincomalee,11
2010-12-01,Trincomalee,22
2010-01-01,Kurunegala,197
2010-02-01,Kurunegala,142
2010-03-01,Kurunegala,99
2010-04-01,Kurunegala,54
2010-05-01,Kurunegala,100
2010-06-01,Kurunegala,151
2010-07-01,Kurunegala,300
2010-08-01,Kurunegala,214
2010-09-01,Kurunegala,78
2010-10-01,Kurunegala,47
2010-11-01,Kurunegala,21
2010-12-01,Kurunegala,26
2010-01-01,Puttalama,208
2010-02-01,Puttalama,189
2010-03-01,Puttalama,86
2010-04-01,Puttalama,50
2010-05-01,Puttalama,51
2010-06-01,Puttalama,106
2010-07-01,Puttalama,137
2010-08-01,Puttalama,82
2010-09-01,Puttalama,49
2010-10-01,Puttalama,31
2010-11-01,Puttalama,25
2010-12-01,Puttalama,45
2010-01-01,Anuradapura,267
2010-02-01,Anuradapura,296
2010-03-01,Anuradapura,131
2010-04-01,Anuradapura,48
2010-05-01,Anuradapura,21
2010-06-01,Anuradapura,38
2010-07-01,Anuradapura,83
2010-08-01,Anuradapura,67
2010-09-01,Anuradapura,60
2010-10-01,Anuradapura,33
2010-11-01,Anuradapura,26
2010-12-01,Anuradapura,40
2010-01-01,Polonnaruwa,33
2010-02-01,Polonnaruwa,42
2010-03-01,Polonnaruwa,34
2010-04-01,Polonnaruwa,50
2010-05-01,Polonnaruwa,60
2010-06-01,Polonnaruwa,61
2010-07-01,Polonnaruwa,51
2010-08-01,Polonnaruwa,30
2010-09-01,Polonnaruwa,21
2010-10-01,Polonnaruwa,8
2010-11-01,Polonnaruwa,5
2010-12-01,Polonnaruwa,7
2010-01-01,Badulla,71
2010-02-01,Badulla,68
2010-03-01,Badulla,49
2010-04-01,Badulla,47
2010-05-01,Badulla,69
2010-06-01,Badulla,118
2010-07-01,Badulla,372
2010-08-01,Badulla,319
2010-09-01,Badulla,120
2010-10-01,Badulla,43
2010-11-01,Badulla,26
2010-12-01,Badulla,40
2010-01-01,Monaragala,50
2010-02-01,Monaragala,39
2010-03-01,Monaragala,55
2010-04-01,Monaragala,67
2010-05-01,Monaragala,53
2010-06-01,Monaragala,93
2010-07-01,Monaragala,314
2010-08-01,Monaragala,219
2010-09-01,Monaragala,65
2010-10-01,Monaragala,50
2010-11-01,Monaragala,42
2010-12-01,Monaragala,24
2010-01-01,Rathnapura,93
2010-02-01,Rathnapura,141
2010-03-01,Rathnapura,234
2010-04-01,Rathnapura,270
2010-05-01,Rathnapura,274
2010-06-01,Rathnapura,432
2010-07-01,Rathnapura,492
2010-08-01,Rathnapura,438
2010-09-01,Rathnapura,246
2010-10-01,Rathnapura,118
2010-11-01,Rathnapura,53
2010-12-01,Rathnapura,46
2010-01-01,Kegalla,90
2010-02-01,Kegalla,136
2010-03-01,Kegalla,76
2010-04-01,Kegalla,49
2010-05-01,Kegalla,53
2010-06-01,Kegalla,117
2010-07-01,Kegalla,161
2010-08-01,Kegalla,104
2010-09-01,Kegalla,64
2010-10-01,Kegalla,25
2010-11-01,Kegalla,22
2010-12-01,Kegalla,21
2010-01-01,Kalminai,215
2010-02-01,Kalminai,174
2010-03-01,Kalminai,71
2010-04-01,Kalminai,57
2010-05-01,Kalminai,13
2010-06-01,Kalminai,8
2010-07-01,Kalminai,5
2010-08-01,Kalminai,9
2010-09-01,Kalminai,6
2010-10-01,Kalminai,10
2010-11-01,Kalminai,23
2010-12-01,Kalminai,15
2011-01-01,Colombo,309
2011-02-01,Colombo,392
2011-03-01,Colombo,340
2011-04-01,Colombo,528
2011-05-01,Colombo,698
2011-06-01,Colombo,1610
2011-07-01,Colombo,2085
2011-08-01,Colombo,824
2011-09-01,Colombo,863
2011-10-01,Colombo,599
2011-11-01,Colombo,536
2011-12-01,Colombo,1339
2011-01-01,Gampaha,134
2011-02-01,Gampaha,119
2011-03-01,Gampaha,141
2011-04-01,Gampaha,183
2011-05-01,Gampaha,218
2011-06-01,Gampaha,537
2011-07-01,Gampaha,911
2011-08-01,Gampaha,428
2011-09-01,Gampaha,367
2011-10-01,Gampaha,321
2011-11-01,Gampaha,347
2011-12-01,Gampaha,668
2011-01-01,Kalutara,48
2011-02-01,Kalutara,52
2011-03-01,Kalutara,57
2011-04-01,Kalutara,133
2011-05-01,Kalutara,148
2011-06-01,Kalutara,185
2011-07-01,Kalutara,188
2011-08-01,Kalutara,107
2011-09-01,Kalutara,93
2011-10-01,Kalutara,100
2011-11-01,Kalutara,111
2011-12-01,Kalutara,194
2011-01-01,Kandy,26
2011-02-01,Kandy,28
2011-03-01,Kandy,32
2011-04-01,Kandy,62
2011-05-01,Kandy,53
2011-06-01,Kandy,81
2011-07-01,Kandy,218
2011-08-01,Kandy,99
2011-09-01,Kandy,251
2011-10-01,Kandy,255
2011-11-01,Kandy,182
2011-12-01,Kandy,348
2011-01-01,Matale,10
2011-02-01,Matale,18
2011-03-01,Matale,16
2011-04-01,Matale,20
2011-05-01,Matale,37
2011-06-01,Matale,53
2011-07-01,Matale,66
2011-08-01,Matale,25
2011-09-01,Matale,26
2011-10-01,Matale,17
2011-11-01,Matale,21
2011-12-01,Matale,56
2011-01-01,N eliya,3
2011-02-01,N eliya,8
2011-03-01,N eliya,9
2011-04-01,N eliya,19
2011-05-01,N eliya,17
2011-06-01,N eliya,20
2011-07-01,N eliya,50
2011-08-01,N eliya,10
2011-09-01,N eliya,31
2011-10-01,N eliya,43
2011-11-01,N eliya,17
2011-12-01,N eliya,25
2011-01-01,Galle,7
2011-02-01,Galle,19
2011-03-01,Galle,30
2011-04-01,Galle,57
2011-05-01,Galle,98
2011-06-01,Galle,112
2011-07-01,Galle,168
2011-08-01,Galle,100
2011-09-01,Galle,96
2011-10-01,Galle,50
2011-11-01,Galle,49
2011-12-01,Galle,93
2011-01-01,Hambantota,16
2011-02-01,Hambantota,8
2011-03-01,Hambantota,27
2011-04-01,Hambantota,70
2011-05-01,Hambantota,87
2011-06-01,Hambantota,48
2011-07-01,Hambantota,51
2011-08-01,Hambantota,18
2011-09-01,Hambantota,19
2011-10-01,Hambantota,13
2011-11-01,Hambantota,20
2011-12-01,Hambantota,39
2011-01-01,Matara,14
2011-02-01,Matara,18
2011-03-01,Matara,35
2011-04-01,Matara,55
2011-05-01,Matara,57
2011-06-01,Matara,51
2011-07-01,Matara,83
2011-08-01,Matara,27
2011-09-01,Matara,63
2011-10-01,Matara,72
2011-11-01,Matara,141
2011-12-01,Matara,179
2011-01-01,Jaffna,58
2011-02-01,Jaffna,34
2011-03-01,Jaffna,24
2011-04-01,Jaffna,20
2011-05-01,Jaffna,10
2011-06-01,Jaffna,16
2011-07-01,Jaffna,35
2011-08-01,Jaffna,33
2011-09-01,Jaffna,46
2011-10-01,Jaffna,19
2011-11-01,Jaffna,34
2011-12-01,Jaffna,71
2011-01-01,Killinochchi,2
2011-02-01,Killinochchi,4
2011-03-01,Killinochchi,10
2011-04-01,Killinochchi,13
2011-05-01,Killinochchi,4
2011-06-01,Killinochchi,3
2011-07-01,Killinochchi,3
2011-08-01,Killinochchi,5
2011-09-01,Killinochchi,8
2011-10-01,Killinochchi,3
2011-11-01,Killinochchi,4
2011-12-01,Killinochchi,7
2011-01-01,Mannar,8
2011-02-01,Mannar,5
2011-03-01,Mannar,4
2011-04-01,Mannar,2
2011-05-01,Mannar,2
2011-06-01,Mannar,2
2011-07-01,Mannar,2
2011-08-01,Mannar,1
2011-09-01,Mannar,0
2011-10-01,Mannar,17
2011-11-01,Mannar,8
2011-12-01,Mannar,49
2011-01-01,Vauniya,13
2011-02-01,Vauniya,3
2011-03-01,Vauniya,15
2011-04-01,Vauniya,5
2011-05-01,Vauniya,7
2011-06-01,Vauniya,11
2011-07-01,Vauniya,8
2011-08-01,Vauniya,2
2011-09-01,Vauniya,3
2011-10-01,Vauniya,3
2011-11-01,Vauniya,4
2011-12-01,Vauniya,7
2011-01-01,Mulative,2
2011-02-01,Mulative,3
2011-03-01,Mulative,0
2011-04-01,Mulative,1
2011-05-01,Mulative,1
2011-06-01,Mulative,7
2011-07-01,Mulative,1
2011-08-01,Mulative,0
2011-09-01,Mulative,0
2011-10-01,Mulative,1
2011-11-01,Mulative,2
2011-12-01,Mulative,1
2011-01-01,Battocolo,31
2011-02-01,Battocolo,41
2011-03-01,Battocolo,104
2011-04-01,Battocolo,185
2011-05-01,Battocolo,141
2011-06-01,Battocolo,112
2011-07-01,Battocolo,53
2011-08-01,Battocolo,21
2011-09-01,Battocolo,35
2011-10-01,Battocolo,123
2011-11-01,Battocolo,289
2011-12-01,Battocolo,558
2011-01-01,Ampara,12
2011-02-01,Ampara,6
2011-03-01,Ampara,2
2011-04-01,Ampara,20
2011-05-01,Ampara,10
2011-06-01,Ampara,29
2011-07-01,Ampara,20
2011-08-01,Ampara,11
2011-09-01,Ampara,24
2011-10-01,Ampara,13
2011-11-01,Ampara,16
2011-12-01,Ampara,33
2011-01-01,Trincomalee,7
2011-02-01,Trincomalee,17
2011-03-01,Trincomalee,25
2011-04-01,Trincomalee,25
2011-05-01,Trincomalee,12
2011-06-01,Trincomalee,19
2011-07-01,Trincomalee,21
2011-08-01,Trincomalee,6
2011-09-01,Trincomalee,10
2011-10-01,Trincomalee,3
2011-11-01,Trincomalee,8
2011-12-01,Trincomalee,24
2011-01-01,Kurunegala,31
2011-02-01,Kurunegala,49
2011-03-01,Kurunegala,60
2011-04-01,Kurunegala,59
2011-05-01,Kurunegala,91
2011-06-01,Kurunegala,116
2011-07-01,Kurunegala,178
2011-08-01,Kurunegala,84
2011-09-01,Kurunegala,84
2011-10-01,Kurunegala,71
2011-11-01,Kurunegala,82
2011-12-01,Kurunegala,135
2011-01-01,Puttalama,72
2011-02-01,Puttalama,64
2011-03-01,Puttalama,49
2011-04-01,Puttalama,28
2011-05-01,Puttalama,21
2011-06-01,Puttalama,52
2011-07-01,Puttalama,62
2011-08-01,Puttalama,23
2011-09-01,Puttalama,31
2011-10-01,Puttalama,27
2011-11-01,Puttalama,40
2011-12-01,Puttalama,102
2011-01-01,Anuradapura,21
2011-02-01,Anuradapura,18
2011-03-01,Anuradapura,14
2011-04-01,Anuradapura,21
2011-05-01,Anuradapura,31
2011-06-01,Anuradapura,39
2011-07-01,Anuradapura,43
2011-08-01,Anuradapura,21
2011-09-01,Anuradapura,22
2011-10-01,Anuradapura,24
2011-11-01,Anuradapura,12
2011-12-01,Anuradapura,33
2011-01-01,Polonnaruwa,5
2011-02-01,Polonnaruwa,38
2011-03-01,Polonnaruwa,20
2011-04-01,Polonnaruwa,28
2011-05-01,Polonnaruwa,38
2011-06-01,Polonnaruwa,44
2011-07-01,Polonnaruwa,36
2011-08-01,Polonnaruwa,23
2011-09-01,Polonnaruwa,18
2011-10-01,Polonnaruwa,16
2011-11-01,Polonnaruwa,6
2011-12-01,Polonnaruwa,32
2011-01-01,Badulla,22
2011-02-01,Badulla,21
2011-03-01,Badulla,15
2011-04-01,Badulla,36
2011-05-01,Badulla,31
2011-06-01,Badulla,65
2011-07-01,Badulla,201
2011-08-01,Badulla,54
2011-09-01,Badulla,46
2011-10-01,Badulla,39
2011-11-01,Badulla,49
2011-12-01,Badulla,53
2011-01-01,Monaragala,17
2011-02-01,Monaragala,24
2011-03-01,Monaragala,15
2011-04-01,Monaragala,33
2011-05-01,Monaragala,16
2011-06-01,Monaragala,18
2011-07-01,Monaragala,32
2011-08-01,Monaragala,17
2011-09-01,Monaragala,34
2011-10-01,Monaragala,30
2011-11-01,Monaragala,40
2011-12-01,Monaragala,36
2011-01-01,Rathnapura,47
2011-02-01,Rathnapura,38
2011-03-01,Rathnapura,40
2011-04-01,Rathnapura,113
2011-05-01,Rathnapura,89
2011-06-01,Rathnapura,118
2011-07-01,Rathnapura,153
2011-08-01,Rathnapura,86
2011-09-01,Rathnapura,117
2011-10-01,Rathnapura,87
2011-11-01,Rathnapura,91
2011-12-01,Rathnapura,181
2011-01-01,Kegalla,15
2011-02-01,Kegalla,24
2011-03-01,Kegalla,28
2011-04-01,Kegalla,51
2011-05-01,Kegalla,48
2011-06-01,Kegalla,120
2011-07-01,Kegalla,141
2011-08-01,Kegalla,81
2011-09-01,Kegalla,156
2011-10-01,Kegalla,176
2011-11-01,Kegalla,88
2011-12-01,Kegalla,152
2011-01-01,Kalminai,3
2011-02-01,Kalminai,1
2011-03-01,Kalminai,6
2011-04-01,Kalminai,4
2011-05-01,Kalminai,2
2011-06-01,Kalminai,3
2011-07-01,Kalminai,8
2011-08-01,Kalminai,0
2011-09-01,Kalminai,2
2011-10-01,Kalminai,5
2011-11-01,Kalminai,6
2011-12-01,Kalminai,48
2012-01-01,Colombo,1066
2012-02-01,Colombo,744
2012-03-01,Colombo,630
2012-04-01,Colombo,412
2012-05-01,Colombo,583
2012-06-01,Colombo,1251
2012-07-01,Colombo,1314
2012-08-01,Colombo,1231
2012-09-01,Colombo,525
2012-10-01,Colombo,726
2012-11-01,Colombo,853
2012-12-01,Colombo,682
2012-01-01,Gampaha,847
2012-02-01,Gampaha,640
2012-03-01,Gampaha,447
2012-04-01,Gampaha,367
2012-05-01,Gampaha,397
2012-06-01,Gampaha,1180
2012-07-01,Gampaha,969
2012-08-01,Gampaha,884
2012-09-01,Gampaha,479
2012-10-01,Gampaha,570
2012-11-01,Gampaha,737
2012-12-01,Gampaha,489
2012-01-01,Kalutara,180
2012-02-01,Kalutara,260
2012-03-01,Kalutara,209
2012-04-01,Kalutara,205
2012-05-01,Kalutara,182
2012-06-01,Kalutara,364
2012-07-01,Kalutara,348
2012-08-01,Kalutara,339
2012-09-01,Kalutara,156
2012-10-01,Kalutara,192
2012-11-01,Kalutara,213
2012-12-01,Kalutara,143
2012-01-01,Kandy,270
2012-02-01,Kandy,194
2012-03-01,Kandy,114
2012-04-01,Kandy,122
2012-05-01,Kandy,194
2012-06-01,Kandy,298
2012-07-01,Kandy,287
2012-08-01,Kandy,355
2012-09-01,Kandy,135
2012-10-01,Kandy,177
2012-11-01,Kandy,185
2012-12-01,Kandy,186
2012-01-01,Matale,45
2012-02-01,Matale,47
2012-03-01,Matale,59
2012-04-01,Matale,35
2012-05-01,Matale,32
2012-06-01,Matale,81
2012-07-01,Matale,29
2012-08-01,Matale,62
2012-09-01,Matale,46
2012-10-01,Matale,44
2012-11-01,Matale,47
2012-12-01,Matale,69
2012-01-01,N eliya,24
2012-02-01,N eliya,35
2012-03-01,N eliya,41
2012-04-01,N eliya,25
2012-05-01,N eliya,18
2012-06-01,N eliya,58
2012-07-01,N eliya,30
2012-08-01,N eliya,30
2012-09-01,N eliya,21
2012-10-01,N eliya,17
2012-11-01,N eliya,30
2012-12-01,N eliya,13
2012-01-01,Galle,105
2012-02-01,Galle,105
2012-03-01,Galle,161
2012-04-01,Galle,90
2012-05-01,Galle,99
2012-06-01,Galle,221
2012-07-01,Galle,217
2012-08-01,Galle,241
2012-09-01,Galle,78
2012-10-01,Galle,60
2012-11-01,Galle,78
2012-12-01,Galle,58
2012-01-01,Hambantota,58
2012-02-01,Hambantota,66
2012-03-01,Hambantota,45
2012-04-01,Hambantota,37
2012-05-01,Hambantota,31
2012-06-01,Hambantota,59
2012-07-01,Hambantota,51
2012-08-01,Hambantota,78
2012-09-01,Hambantota,33
2012-10-01,Hambantota,53
2012-11-01,Hambantota,60
2012-12-01,Hambantota,33
2012-01-01,Matara,186
2012-02-01,Matara,147
2012-03-01,Matara,155
2012-04-01,Matara,94
2012-05-01,Matara,84
2012-06-01,Matara,147
2012-07-01,Matara,186
2012-08-01,Matara,241
2012-09-01,Matara,141
2012-10-01,Matara,196
2012-11-01,Matara,158
2012-12-01,Matara,100
2012-01-01,Jaffna,91
2012-02-01,Jaffna,40
2012-03-01,Jaffna,43
2012-04-01,Jaffna,24
2012-05-01,Jaffna,27
2012-06-01,Jaffna,34
2012-07-01,Jaffna,26
2012-08-01,Jaffna,36
2012-09-01,Jaffna,41
2012-10-01,Jaffna,143
2012-11-01,Jaffna,205
2012-12-01,Jaffna,184
2012-01-01,Killinochchi,8
2012-02-01,Killinochchi,2
2012-03-01,Killinochchi,5
2012-04-01,Killinochchi,3
2012-05-01,Killinochchi,19
2012-06-01,Killinochchi,16
2012-07-01,Killinochchi,8
2012-08-01,Killinochchi,11
2012-09-01,Killinochchi,6
2012-10-01,Killinochchi,2
2012-11-01,Killinochchi,5
2012-12-01,Killinochchi,8
2012-01-01,Mannar,38
2012-02-01,Mannar,16
2012-03-01,Mannar,10
2012-04-01,Mannar,9
2012-05-01,Mannar,6
2012-06-01,Mannar,15
2012-07-01,Mannar,19
2012-08-01,Mannar,11
2012-09-01,Mannar,2
2012-10-01,Mannar,6
2012-11-01,Mannar,21
2012-12-01,Mannar,33
2012-01-01,Vauniya,13
2012-02-01,Vauniya,5
2012-03-01,Vauniya,5
2012-04-01,Vauniya,2
2012-05-01,Vauniya,5
2012-06-01,Vauniya,2
2012-07-01,Vauniya,3
2012-08-01,Vauniya,16
2012-09-01,Vauniya,20
2012-10-01,Vauniya,13
2012-11-01,Vauniya,9
2012-12-01,Vauniya,11
2012-01-01,Mulative,2
2012-02-01,Mulative,1
2012-03-01,Mulative,1
2012-04-01,Mulative,1
2012-05-01,Mulative,3
2012-06-01,Mulative,4
2012-07-01,Mulative,5
2012-08-01,Mulative,3
2012-09-01,Mulative,2
2012-10-01,Mulative,0
2012-11-01,Mulative,6
2012-12-01,Mulative,14
2012-01-01,Battocolo,263
2012-02-01,Battocolo,116
2012-03-01,Battocolo,91
2012-04-01,Battocolo,32
2012-05-01,Battocolo,35
2012-06-01,Battocolo,32
2012-07-01,Battocolo,11
2012-08-01,Battocolo,21
2012-09-01,Battocolo,7
2012-10-01,Battocolo,26
2012-11-01,Battocolo,36
2012-12-01,Battocolo,47
2012-01-01,Ampara,18
2012-02-01,Ampara,6
2012-03-01,Ampara,4
2012-04-01,Ampara,9
2012-05-01,Ampara,21
2012-06-01,Ampara,15
2012-07-01,Ampara,29
2012-08-01,Ampara,13
2012-09-01,Ampara,9
2012-10-01,Ampara,11
2012-11-01,Ampara,14
2012-12-01,Ampara,6
2012-01-01,Trincomalee,23
2012-02-01,Trincomalee,23
2012-03-01,Trincomalee,26
2012-04-01,Trincomalee,6
2012-05-01,Trincomalee,8
2012-06-01,Trincomalee,16
2012-07-01,Trincomalee,8
2012-08-01,Trincomalee,13
2012-09-01,Trincomalee,7
2012-10-01,Trincomalee,5
2012-11-01,Trincomalee,15
2012-12-01,Trincomalee,18
2012-01-01,Kurunegala,159
2012-02-01,Kurunegala,148
2012-03-01,Kurunegala,114
2012-04-01,Kurunegala,100
2012-05-01,Kurunegala,140
2012-06-01,Kurunegala,342
2012-07-01,Kurunegala,406
2012-08-01,Kurunegala,401
2012-09-01,Kurunegala,320
2012-10-01,Kurunegala,311
2012-11-01,Kurunegala,497
2012-12-01,Kurunegala,599
2012-01-01,Puttalama,131
2012-02-01,Puttalama,101
2012-03-01,Puttalama,69
2012-04-01,Puttalama,55
2012-05-01,Puttalama,98
2012-06-01,Puttalama,178
2012-07-01,Puttalama,98
2012-08-01,Puttalama,142
2012-09-01,Puttalama,253
2012-10-01,Puttalama,159
2012-11-01,Puttalama,251
2012-12-01,Puttalama,265
2012-01-01,Anuradapura,38
2012-02-01,Anuradapura,37
2012-03-01,Anuradapura,36
2012-04-01,Anuradapura,26
2012-05-01,Anuradapura,29
2012-06-01,Anuradapura,56
2012-07-01,Anuradapura,31
2012-08-01,Anuradapura,34
2012-09-01,Anuradapura,26
2012-10-01,Anuradapura,27
2012-11-01,Anuradapura,34
2012-12-01,Anuradapura,119
2012-01-01,Polonnaruwa,25
2012-02-01,Polonnaruwa,27
2012-03-01,Polonnaruwa,21
2012-04-01,Polonnaruwa,11
2012-05-01,Polonnaruwa,17
2012-06-01,Polonnaruwa,37
2012-07-01,Polonnaruwa,22
2012-08-01,Polonnaruwa,38
2012-09-01,Polonnaruwa,12
2012-10-01,Polonnaruwa,21
2012-11-01,Polonnaruwa,15
2012-12-01,Polonnaruwa,43
2012-01-01,Badulla,40
2012-02-01,Badulla,22
2012-03-01,Badulla,13
2012-04-01,Badulla,11
2012-05-01,Badulla,20
2012-06-01,Badulla,57
2012-07-01,Badulla,48
2012-08-01,Badulla,40
2012-09-01,Badulla,35
2012-10-01,Badulla,41
2012-11-01,Badulla,49
2012-12-01,Badulla,54
2012-01-01,Monaragala,16
2012-02-01,Monaragala,23
2012-03-01,Monaragala,23
2012-04-01,Monaragala,15
2012-05-01,Monaragala,22
2012-06-01,Monaragala,38
2012-07-01,Monaragala,33
2012-08-01,Monaragala,36
2012-09-01,Monaragala,16
2012-10-01,Monaragala,17
2012-11-01,Monaragala,29
2012-12-01,Monaragala,19
2012-01-01,Rathnapura,126
2012-02-01,Rathnapura,153
2012-03-01,Rathnapura,160
2012-04-01,Rathnapura,183
2012-05-01,Rathnapura,257
2012-06-01,Rathnapura,874
2012-07-01,Rathnapura,621
2012-08-01,Rathnapura,648
2012-09-01,Rathnapura,310
2012-10-01,Rathnapura,194
2012-11-01,Rathnapura,262
2012-12-01,Rathnapura,150
2012-01-01,Kegalla,173
2012-02-01,Kegalla,144
2012-03-01,Kegalla,121
2012-04-01,Kegalla,146
2012-05-01,Kegalla,213
2012-06-01,Kegalla,557
2012-07-01,Kegalla,385
2012-08-01,Kegalla,331
2012-09-01,Kegalla,174
2012-10-01,Kegalla,148
2012-11-01,Kegalla,156
2012-12-01,Kegalla,157
2012-01-01,Kalminai,41
2012-02-01,Kalminai,43
2012-03-01,Kalminai,25
2012-04-01,Kalminai,8
2012-05-01,Kalminai,10
2012-06-01,Kalminai,23
2012-07-01,Kalminai,9
2012-08-01,Kalminai,11
2012-09-01,Kalminai,3
2012-10-01,Kalminai,22
2012-11-01,Kalminai,69
2012-12-01,Kalminai,138
2013-01-01,Colombo,757
2013-02-01,Colombo,845
2013-03-01,Colombo,791
2013-04-01,Colombo,610
2013-05-01,Colombo,748
2013-06-01,Colombo,830
2013-07-01,Colombo,1168
2013-08-01,Colombo,1298
2013-09-01,Colombo,685
2013-10-01,Colombo,619
2013-11-01,Colombo,1173
2013-12-01,Colombo,1259
2013-01-01,Gampaha,463
2013-02-01,Gampaha,321
2013-03-01,Gampaha,289
2013-04-01,Gampaha,212
2013-05-01,Gampaha,319
2013-06-01,Gampaha,273
2013-07-01,Gampaha,385
2013-08-01,Gampaha,394
2013-09-01,Gampaha,245
2013-10-01,Gampaha,237
2013-11-01,Gampaha,383
2013-12-01,Gampaha,308
2013-01-01,Kalutara,159
2013-02-01,Kalutara,153
2013-03-01,Kalutara,168
2013-04-01,Kalutara,115
2013-05-01,Kalutara,164
2013-06-01,Kalutara,140
2013-07-01,Kalutara,178
2013-08-01,Kalutara,210
2013-09-01,Kalutara,148
2013-10-01,Kalutara,108
2013-11-01,Kalutara,166
2013-12-01,Kalutara,219
2013-01-01,Kandy,193
2013-02-01,Kandy,215
2013-03-01,Kandy,134
2013-04-01,Kandy,83
2013-05-01,Kandy,156
2013-06-01,Kandy,186
2013-07-01,Kandy,191
2013-08-01,Kandy,240
2013-09-01,Kandy,110
2013-10-01,Kandy,59
2013-11-01,Kandy,96
2013-12-01,Kandy,100
2013-01-01,Matale,48
2013-02-01,Matale,47
2013-03-01,Matale,49
2013-04-01,Matale,32
2013-05-01,Matale,30
2013-06-01,Matale,37
2013-07-01,Matale,52
2013-08-01,Matale,66
2013-09-01,Matale,32
2013-10-01,Matale,24
2013-11-01,Matale,39
2013-12-01,Matale,39
2013-01-01,N eliya,17
2013-02-01,N eliya,32
2013-03-01,N eliya,30
2013-04-01,N eliya,15
2013-05-01,N eliya,16
2013-06-01,N eliya,21
2013-07-01,N eliya,27
2013-08-01,N eliya,40
2013-09-01,N eliya,13
2013-10-01,N eliya,16
2013-11-01,N eliya,18
2013-12-01,N eliya,27
2013-01-01,Galle,57
2013-02-01,Galle,60
2013-03-01,Galle,92
2013-04-01,Galle,57
2013-05-01,Galle,108
2013-06-01,Galle,100
2013-07-01,Galle,84
2013-08-01,Galle,93
2013-09-01,Galle,79
2013-10-01,Galle,34
2013-11-01,Galle,68
2013-12-01,Galle,108
2013-01-01,Hambantota,32
2013-02-01,Hambantota,35
2013-03-01,Hambantota,40
2013-04-01,Hambantota,30
2013-05-01,Hambantota,22
2013-06-01,Hambantota,21
2013-07-01,Hambantota,28
2013-08-01,Hambantota,43
2013-09-01,Hambantota,23
2013-10-01,Hambantota,24
2013-11-01,Hambantota,22
2013-12-01,Hambantota,25
2013-01-01,Matara,48
2013-02-01,Matara,75
2013-03-01,Matara,65
2013-04-01,Matara,28
2013-05-01,Matara,36
2013-06-01,Matara,31
2013-07-01,Matara,54
2013-08-01,Matara,34
2013-09-01,Matara,27
2013-10-01,Matara,19
2013-11-01,Matara,32
2013-12-01,Matara,37
2013-01-01,Jaffna,100
2013-02-01,Jaffna,77
2013-03-01,Jaffna,84
2013-04-01,Jaffna,115
2013-05-01,Jaffna,70
2013-06-01,Jaffna,30
2013-07-01,Jaffna,23
2013-08-01,Jaffna,43
2013-09-01,Jaffna,35
2013-10-01,Jaffna,48
2013-11-01,Jaffna,52
2013-12-01,Jaffna,125
2013-01-01,Killinochchi,7
2013-02-01,Killinochchi,4
2013-03-01,Killinochchi,7
2013-04-01,Killinochchi,5
2013-05-01,Killinochchi,4
2013-06-01,Killinochchi,7
2013-07-01,Killinochchi,0
2013-08-01,Killinochchi,16
2013-09-01,Killinochchi,7
2013-10-01,Killinochchi,3
2013-11-01,Killinochchi,3
2013-12-01,Killinochchi,6
2013-01-01,Mannar,23
2013-02-01,Mannar,10
2013-03-01,Mannar,7
2013-04-01,Mannar,4
2013-05-01,Mannar,10
2013-06-01,Mannar,2
2013-07-01,Mannar,1
2013-08-01,Mannar,2
2013-09-01,Mannar,4
2013-10-01,Mannar,5
2013-11-01,Mannar,1
2013-12-01,Mannar,1
2013-01-01,Vauniya,11
2013-02-01,Vauniya,8
2013-03-01,Vauniya,12
2013-04-01,Vauniya,3
2013-05-01,Vauniya,8
2013-06-01,Vauniya,6
2013-07-01,Vauniya,7
2013-08-01,Vauniya,4
2013-09-01,Vauniya,4
2013-10-01,Vauniya,5
2013-11-01,Vauniya,10
2013-12-01,Vauniya,15
2013-01-01,Mulative,12
2013-02-01,Mulative,7
2013-03-01,Mulative,17
2013-04-01,Mulative,18
2013-05-01,Mulative,20
2013-06-01,Mulative,12
2013-07-01,Mulative,6
2013-08-01,Mulative,8
2013-09-01,Mulative,9
2013-10-01,Mulative,6
2013-11-01,Mulative,10
2013-12-01,Mulative,2
2013-01-01,Battocolo,52
2013-02-01,Battocolo,74
2013-03-01,Battocolo,93
2013-04-01,Battocolo,67
2013-05-01,Battocolo,79
2013-06-01,Battocolo,48
2013-07-01,Battocolo,32
2013-08-01,Battocolo,26
2013-09-01,Battocolo,19
2013-10-01,Battocolo,22
2013-11-01,Battocolo,14
2013-12-01,Battocolo,30
2013-01-01,Ampara,14
2013-02-01,Ampara,17
2013-03-01,Ampara,20
2013-04-01,Ampara,7
2013-05-01,Ampara,11
2013-06-01,Ampara,15
2013-07-01,Ampara,26
2013-08-01,Ampara,26
2013-09-01,Ampara,25
2013-10-01,Ampara,18
2013-11-01,Ampara,28
2013-12-01,Ampara,35
2013-01-01,Trincomalee,25
2013-02-01,Trincomalee,45
2013-03-01,Trincomalee,31
2013-04-01,Trincomalee,23
2013-05-01,Trincomalee,20
2013-06-01,Trincomalee,5
2013-07-01,Trincomalee,15
2013-08-01,Trincomalee,13
2013-09-01,Trincomalee,5
2013-10-01,Trincomalee,4
2013-11-01,Trincomalee,7
2013-12-01,Trincomalee,14
2013-01-01,Kurunegala,720
2013-02-01,Kurunegala,485
2013-03-01,Kurunegala,303
2013-04-01,Kurunegala,134
2013-05-01,Kurunegala,194
2013-06-01,Kurunegala,195
2013-07-01,Kurunegala,154
2013-08-01,Kurunegala,163
2013-09-01,Kurunegala,105
2013-10-01,Kurunegala,104
2013-11-01,Kurunegala,98
2013-12-01,Kurunegala,117
2013-01-01,Puttalama,175
2013-02-01,Puttalama,170
2013-03-01,Puttalama,98
2013-04-01,Puttalama,67
2013-05-01,Puttalama,53
2013-06-01,Puttalama,56
2013-07-01,Puttalama,46
2013-08-01,Puttalama,83
2013-09-01,Puttalama,39
2013-10-01,Puttalama,31
2013-11-01,Puttalama,51
2013-12-01,Puttalama,55
2013-01-01,Anuradapura,80
2013-02-01,Anuradapura,74
2013-03-01,Anuradapura,90
2013-04-01,Anuradapura,36
2013-05-01,Anuradapura,47
2013-06-01,Anuradapura,28
2013-07-01,Anuradapura,23
2013-08-01,Anuradapura,33
2013-09-01,Anuradapura,38
2013-10-01,Anuradapura,28
2013-11-01,Anuradapura,30
2013-12-01,Anuradapura,63
2013-01-01,Polonnaruwa,34
2013-02-01,Polonnaruwa,40
2013-03-01,Polonnaruwa,47
2013-04-01,Polonnaruwa,41
2013-05-01,Polonnaruwa,28
2013-06-01,Polonnaruwa,19
2013-07-01,Polonnaruwa,43
2013-08-01,Polonnaruwa,76
2013-09-01,Polonnaruwa,47
2013-10-01,Polonnaruwa,41
2013-11-01,Polonnaruwa,45
2013-12-01,Polonnaruwa,46
2013-01-01,Badulla,42
2013-02-01,Badulla,49
2013-03-01,Badulla,45
2013-04-01,Badulla,32
2013-05-01,Badulla,46
2013-06-01,Badulla,46
2013-07-01,Badulla,77
2013-08-01,Badulla,58
2013-09-01,Badulla,38
2013-10-01,Badulla,26
2013-11-01,Badulla,50
2013-12-01,Badulla,33
2013-01-01,Monaragala,34
2013-02-01,Monaragala,19
2013-03-01,Monaragala,27
2013-04-01,Monaragala,23
2013-05-01,Monaragala,17
2013-06-01,Monaragala,18
2013-07-01,Monaragala,28
2013-08-01,Monaragala,26
2013-09-01,Monaragala,19
2013-10-01,Monaragala,24
2013-11-01,Monaragala,20
2013-12-01,Monaragala,16
2013-01-01,Rathnapura,131
2013-02-01,Rathnapura,148
2013-03-01,Rathnapura,220
2013-04-01,Rathnapura,217
2013-05-01,Rathnapura,253
2013-06-01,Rathnapura,185
2013-07-01,Rathnapura,169
2013-08-01,Rathnapura,146
2013-09-01,Rathnapura,90
2013-10-01,Rathnapura,44
2013-11-01,Rathnapura,70
2013-12-01,Rathnapura,56
2013-01-01,Kegalla,134
2013-02-01,Kegalla,106
2013-03-01,Kegalla,99
2013-04-01,Kegalla,91
2013-05-01,Kegalla,113
2013-06-01,Kegalla,104
2013-07-01,Kegalla,98
2013-08-01,Kegalla,137
2013-09-01,Kegalla,62
2013-10-01,Kegalla,83
2013-11-01,Kegalla,117
2013-12-01,Kegalla,93
2013-01-01,Kalminai,94
2013-02-01,Kalminai,142
2013-03-01,Kalminai,138
2013-04-01,Kalminai,44
2013-05-01,Kalminai,42
2013-06-01,Kalminai,12
2013-07-01,Kalminai,9
2013-08-01,Kalminai,4
2013-09-01,Kalminai,4
2013-10-01,Kalminai,4
2013-11-01,Kalminai,8
2013-12-01,Kalminai,3
2014-01-01,Colombo,1346
2014-02-01,Colombo,684
2014-03-01,Colombo,488
2014-04-01,Colombo,539
2014-05-01,Colombo,1744
2014-06-01,Colombo,2289
2014-07-01,Colombo,1859
2014-08-01,Colombo,1104
2014-09-01,Colombo,706
2014-10-01,Colombo,1089
2014-11-01,Colombo,1448
2014-12-01,Colombo,1415
2014-01-01,Gampaha,632
2014-02-01,Gampaha,279
2014-03-01,Gampaha,191
2014-04-01,Gampaha,280
2014-05-01,Gampaha,921
2014-06-01,Gampaha,1111
2014-07-01,Gampaha,932
2014-08-01,Gampaha,772
2014-09-01,Gampaha,569
2014-10-01,Gampaha,1015
2014-11-01,Gampaha,1111
2014-12-01,Gampaha,998
2014-01-01,Kalutara,267
2014-02-01,Kalutara,175
2014-03-01,Kalutara,111
2014-04-01,Kalutara,117
2014-05-01,Kalutara,241
2014-06-01,Kalutara,429
2014-07-01,Kalutara,389
2014-08-01,Kalutara,239
2014-09-01,Kalutara,138
2014-10-01,Kalutara,158
2014-11-01,Kalutara,182
2014-12-01,Kalutara,185
2014-01-01,Kandy,93
2014-02-01,Kandy,49
2014-03-01,Kandy,36
2014-04-01,Kandy,47
2014-05-01,Kandy,116
2014-06-01,Kandy,270
2014-07-01,Kandy,223
2014-08-01,Kandy,247
2014-09-01,Kandy,176
2014-10-01,Kandy,289
2014-11-01,Kandy,413
2014-12-01,Kandy,377
2014-01-01,Matale,40
2014-02-01,Matale,35
2014-03-01,Matale,18
2014-04-01,Matale,14
2014-05-01,Matale,14
2014-06-01,Matale,81
2014-07-01,Matale,75
2014-08-01,Matale,55
2014-09-01,Matale,27
2014-10-01,Matale,81
2014-11-01,Matale,101
2014-12-01,Matale,108
2014-01-01,N eliya,27
2014-02-01,N eliya,14
2014-03-01,N eliya,6
2014-04-01,N eliya,11
2014-05-01,N eliya,25
2014-06-01,N eliya,60
2014-07-01,N eliya,39
2014-08-01,N eliya,34
2014-09-01,N eliya,18
2014-10-01,N eliya,29
2014-11-01,N eliya,16
2014-12-01,N eliya,35
2014-01-01,Galle,136
2014-02-01,Galle,49
2014-03-01,Galle,61
2014-04-01,Galle,35
2014-05-01,Galle,75
2014-06-01,Galle,139
2014-07-01,Galle,197
2014-08-01,Galle,107
2014-09-01,Galle,71
2014-10-01,Galle,125
2014-11-01,Galle,109
2014-12-01,Galle,120
2014-01-01,Hambantota,48
2014-02-01,Hambantota,34
2014-03-01,Hambantota,17
2014-04-01,Hambantota,26
2014-05-01,Hambantota,42
2014-06-01,Hambantota,121
2014-07-01,Hambantota,169
2014-08-01,Hambantota,36
2014-09-01,Hambantota,29
2014-10-01,Hambantota,51
2014-11-01,Hambantota,39
2014-12-01,Hambantota,53
2014-01-01,Matara,50
2014-02-01,Matara,31
2014-03-01,Matara,11
2014-04-01,Matara,13
2014-05-01,Matara,22
2014-06-01,Matara,63
2014-07-01,Matara,112
2014-08-01,Matara,82
2014-09-01,Matara,93
2014-10-01,Matara,130
2014-11-01,Matara,71
2014-12-01,Matara,70
2014-01-01,Jaffna,148
2014-02-01,Jaffna,92
2014-03-01,Jaffna,58
2014-04-01,Jaffna,59
2014-05-01,Jaffna,73
2014-06-01,Jaffna,89
2014-07-01,Jaffna,148
2014-08-01,Jaffna,123
2014-09-01,Jaffna,95
2014-10-01,Jaffna,212
2014-11-01,Jaffna,318
2014-12-01,Jaffna,424
2014-01-01,Killinochchi,10
2014-02-01,Killinochchi,10
2014-03-01,Killinochchi,4
2014-04-01,Killinochchi,6
2014-05-01,Killinochchi,0
2014-06-01,Killinochchi,1
2014-07-01,Killinochchi,8
2014-08-01,Killinochchi,3
2014-09-01,Killinochchi,4
2014-10-01,Killinochchi,10
2014-11-01,Killinochchi,15
2014-12-01,Killinochchi,19
2014-01-01,Mannar,2
2014-02-01,Mannar,1
2014-03-01,Mannar,0
2014-04-01,Mannar,1
2014-05-01,Mannar,2
2014-06-01,Mannar,20
2014-07-01,Mannar,13
2014-08-01,Mannar,10
2014-09-01,Mannar,40
2014-10-01,Mannar,68
2014-11-01,Mannar,119
2014-12-01,Mannar,83
2014-01-01,Vauniya,6
2014-02-01,Vauniya,12
2014-03-01,Vauniya,14
2014-04-01,Vauniya,9
2014-05-01,Vauniya,6
2014-06-01,Vauniya,33
2014-07-01,Vauniya,16
2014-08-01,Vauniya,5
2014-09-01,Vauniya,4
2014-10-01,Vauniya,7
2014-11-01,Vauniya,14
2014-12-01,Vauniya,16
2014-01-01,Mulative,23
2014-02-01,Mulative,9
2014-03-01,Mulative,17
2014-04-01,Mulative,4
2014-05-01,Mulative,6
2014-06-01,Mulative,10
2014-07-01,Mulative,6
2014-08-01,Mulative,6
2014-09-01,Mulative,5
2014-10-01,Mulative,5
2014-11-01,Mulative,17
2014-12-01,Mulative,26
2014-01-01,Battocolo,43
2014-02-01,Battocolo,66
2014-03-01,Battocolo,147
2014-04-01,Battocolo,92
2014-05-01,Battocolo,117
2014-06-01,Battocolo,97
2014-07-01,Battocolo,60
2014-08-01,Battocolo,22
2014-09-01,Battocolo,15
2014-10-01,Battocolo,40
2014-11-01,Battocolo,95
2014-12-01,Battocolo,176
2014-01-01,Ampara,22
2014-02-01,Ampara,16
2014-03-01,Ampara,7
2014-04-01,Ampara,13
2014-05-01,Ampara,9
2014-06-01,Ampara,21
2014-07-01,Ampara,17
2014-08-01,Ampara,19
2014-09-01,Ampara,3
2014-10-01,Ampara,10
2014-11-01,Ampara,15
2014-12-01,Ampara,6
2014-01-01,Trincomalee,52
2014-02-01,Trincomalee,38
2014-03-01,Trincomalee,77
2014-04-01,Trincomalee,115
2014-05-01,Trincomalee,100
2014-06-01,Trincomalee,55
2014-07-01,Trincomalee,34
2014-08-01,Trincomalee,18
2014-09-01,Trincomalee,16
2014-10-01,Trincomalee,22
2014-11-01,Trincomalee,55
2014-12-01,Trincomalee,79
2014-01-01,Kurunegala,163
2014-02-01,Kurunegala,106
2014-03-01,Kurunegala,94
2014-04-01,Kurunegala,61
2014-05-01,Kurunegala,61
2014-06-01,Kurunegala,303
2014-07-01,Kurunegala,318
2014-08-01,Kurunegala,296
2014-09-01,Kurunegala,195
2014-10-01,Kurunegala,287
2014-11-01,Kurunegala,316
2014-12-01,Kurunegala,264
2014-01-01,Puttalama,93
2014-02-01,Puttalama,42
2014-03-01,Puttalama,42
2014-04-01,Puttalama,27
2014-05-01,Puttalama,34
2014-06-01,Puttalama,83
2014-07-01,Puttalama,101
2014-08-01,Puttalama,65
2014-09-01,Puttalama,39
2014-10-01,Puttalama,84
2014-11-01,Puttalama,147
2014-12-01,Puttalama,159
2014-01-01,Anuradapura,68
2014-02-01,Anuradapura,44
2014-03-01,Anuradapura,27
2014-04-01,Anuradapura,39
2014-05-01,Anuradapura,27
2014-06-01,Anuradapura,61
2014-07-01,Anuradapura,89
2014-08-01,Anuradapura,39
2014-09-01,Anuradapura,25
2014-10-01,Anuradapura,51
2014-11-01,Anuradapura,54
2014-12-01,Anuradapura,108
2014-01-01,Polonnaruwa,75
2014-02-01,Polonnaruwa,45
2014-03-01,Polonnaruwa,38
2014-04-01,Polonnaruwa,33
2014-05-01,Polonnaruwa,24
2014-06-01,Polonnaruwa,62
2014-07-01,Polonnaruwa,79
2014-08-01,Polonnaruwa,33
2014-09-01,Polonnaruwa,27
2014-10-01,Polonnaruwa,42
2014-11-01,Polonnaruwa,53
2014-12-01,Polonnaruwa,47
2014-01-01,Badulla,56
2014-02-01,Badulla,43
2014-03-01,Badulla,36
2014-04-01,Badulla,12
2014-05-01,Badulla,56
2014-06-01,Badulla,90
2014-07-01,Badulla,79
2014-08-01,Badulla,84
2014-09-01,Badulla,76
2014-10-01,Badulla,129
2014-11-01,Badulla,221
2014-12-01,Badulla,231
2014-01-01,Monaragala,23
2014-02-01,Monaragala,24
2014-03-01,Monaragala,21
2014-04-01,Monaragala,9
2014-05-01,Monaragala,10
2014-06-01,Monaragala,34
2014-07-01,Monaragala,48
2014-08-01,Monaragala,32
2014-09-01,Monaragala,20
2014-10-01,Monaragala,27
2014-11-01,Monaragala,44
2014-12-01,Monaragala,21
2014-01-01,Rathnapura,91
2014-02-01,Rathnapura,43
2014-03-01,Rathnapura,58
2014-04-01,Rathnapura,52
2014-05-01,Rathnapura,370
2014-06-01,Rathnapura,866
2014-07-01,Rathnapura,457
2014-08-01,Rathnapura,343
2014-09-01,Rathnapura,148
2014-10-01,Rathnapura,171
2014-11-01,Rathnapura,124
2014-12-01,Rathnapura,100
2014-01-01,Kegalla,84
2014-02-01,Kegalla,58
2014-03-01,Kegalla,54
2014-04-01,Kegalla,60
2014-05-01,Kegalla,179
2014-06-01,Kegalla,320
2014-07-01,Kegalla,242
2014-08-01,Kegalla,231
2014-09-01,Kegalla,89
2014-10-01,Kegalla,132
2014-11-01,Kegalla,151
2014-12-01,Kegalla,124
2014-01-01,Kalminai,12
2014-02-01,Kalminai,12
2014-03-01,Kalminai,15
2014-04-01,Kalminai,8
2014-05-01,Kalminai,18
2014-06-01,Kalminai,28
2014-07-01,Kalminai,11
2014-08-01,Kalminai,17
2014-09-01,Kalminai,12
2014-10-01,Kalminai,33
2014-11-01,Kalminai,204
2014-12-01,Kalminai,147
2015-01-01,Colombo,1802
2015-02-01,Colombo,1101
2015-03-01,Colombo,537
2015-04-01,Colombo,317
2015-05-01,Colombo,515
2015-06-01,Colombo,515
2015-07-01,Colombo,907
2015-08-01,Colombo,711
2015-09-01,Colombo,401
2015-10-01,Colombo,769
2015-11-01,Colombo,985
2015-12-01,Colombo,1321
2015-01-01,Gampaha,817
2015-02-01,Gampaha,492
2015-03-01,Gampaha,255
2015-04-01,Gampaha,193
2015-05-01,Gampaha,264
2015-06-01,Gampaha,225
2015-07-01,Gampaha,317
2015-08-01,Gampaha,233
2015-09-01,Gampaha,186
2015-10-01,Gampaha,277
2015-11-01,Gampaha,387
2015-12-01,Gampaha,496
2015-01-01,Kalutara,276
2015-02-01,Kalutara,180
2015-03-01,Kalutara,106
2015-04-01,Kalutara,72
2015-05-01,Kalutara,86
2015-06-01,Kalutara,78
2015-07-01,Kalutara,125
2015-08-01,Kalutara,92
2015-09-01,Kalutara,57
2015-10-01,Kalutara,118
2015-11-01,Kalutara,167
2015-12-01,Kalutara,202
2015-01-01,Kandy,253
2015-02-01,Kandy,156
2015-03-01,Kandy,95
2015-04-01,Kandy,63
2015-05-01,Kandy,71
2015-06-01,Kandy,70
2015-07-01,Kandy,64
2015-08-01,Kandy,47
2015-09-01,Kandy,62
2015-10-01,Kandy,154
2015-11-01,Kandy,120
2015-12-01,Kandy,170
2015-01-01,Matale,166
2015-02-01,Matale,92
2015-03-01,Matale,26
2015-04-01,Matale,16
2015-05-01,Matale,10
2015-06-01,Matale,16
2015-07-01,Matale,8
2015-08-01,Matale,7
2015-09-01,Matale,8
2015-10-01,Matale,12
2015-11-01,Matale,18
2015-12-01,Matale,22
2015-01-01,N eliya,38
2015-02-01,N eliya,26
2015-03-01,N eliya,13
2015-04-01,N eliya,5
2015-05-01,N eliya,8
2015-06-01,N eliya,8
2015-07-01,N eliya,15
2015-08-01,N eliya,5
2015-09-01,N eliya,6
2015-10-01,N eliya,15
2015-11-01,N eliya,14
2015-12-01,N eliya,27
2015-01-01,Galle,150
2015-02-01,Galle,118
2015-03-01,Galle,70
2015-04-01,Galle,35
2015-05-01,Galle,26
2015-06-01,Galle,20
2015-07-01,Galle,46
2015-08-01,Galle,80
2015-09-01,Galle,75
2015-10-01,Galle,131
2015-11-01,Galle,151
2015-12-01,Galle,128
2015-01-01,Hambantota,46
2015-02-01,Hambantota,51
2015-03-01,Hambantota,28
2015-04-01,Hambantota,18
2015-05-01,Hambantota,12
2015-06-01,Hambantota,11
2015-07-01,Hambantota,26
2015-08-01,Hambantota,27
2015-09-01,Hambantota,17
2015-10-01,Hambantota,61
2015-11-01,Hambantota,56
2015-12-01,Hambantota,45
2015-01-01,Matara,81
2015-02-01,Matara,46
2015-03-01,Matara,41
2015-04-01,Matara,28
2015-05-01,Matara,25
2015-06-01,Matara,12
2015-07-01,Matara,21
2015-08-01,Matara,24
2015-09-01,Matara,24
2015-10-01,Matara,72
2015-11-01,Matara,43
2015-12-01,Matara,42
2015-01-01,Jaffna,614
2015-02-01,Jaffna,218
2015-03-01,Jaffna,113
2015-04-01,Jaffna,48
2015-05-01,Jaffna,66
2015-06-01,Jaffna,63
2015-07-01,Jaffna,69
2015-08-01,Jaffna,45
2015-09-01,Jaffna,51
2015-10-01,Jaffna,76
2015-11-01,Jaffna,216
2015-12-01,Jaffna,437
2015-01-01,Killinochchi,18
2015-02-01,Killinochchi,11
2015-03-01,Killinochchi,3
2015-04-01,Killinochchi,0
2015-05-01,Killinochchi,2
2015-06-01,Killinochchi,4
2015-07-01,Killinochchi,9
2015-08-01,Killinochchi,7
2015-09-01,Killinochchi,7
2015-10-01,Killinochchi,14
2015-11-01,Killinochchi,11
2015-12-01,Killinochchi,6
2015-01-01,Mannar,50
2015-02-01,Mannar,16
2015-03-01,Mannar,2
2015-04-01,Mannar,1
2015-05-01,Mannar,4
2015-06-01,Mannar,2
2015-07-01,Mannar,1
2015-08-01,Mannar,1
2015-09-01,Mannar,2
2015-10-01,Mannar,2
2015-11-01,Mannar,4
2015-12-01,Mannar,20
2015-01-01,Vauniya,32
2015-02-01,Vauniya,15
2015-03-01,Vauniya,8
2015-04-01,Vauniya,4
2015-05-01,Vauniya,15
2015-06-01,Vauniya,9
2015-07-01,Vauniya,5
2015-08-01,Vauniya,4
2015-09-01,Vauniya,11
2015-10-01,Vauniya,19
2015-11-01,Vauniya,16
2015-12-01,Vauniya,59
2015-01-01,Mulative,36
2015-02-01,Mulative,17
2015-03-01,Mulative,8
2015-04-01,Mulative,10
2015-05-01,Mulative,12
2015-06-01,Mulative,14
2015-07-01,Mulative,13
2015-08-01,Mulative,7
2015-09-01,Mulative,2
2015-10-01,Mulative,2
2015-11-01,Mulative,6
2015-12-01,Mulative,15
2015-01-01,Battocolo,335
2015-02-01,Battocolo,347
2015-03-01,Battocolo,210
2015-04-01,Battocolo,124
2015-05-01,Battocolo,139
2015-06-01,Battocolo,82
2015-07-01,Battocolo,65
2015-08-01,Battocolo,18
2015-09-01,Battocolo,8
2015-10-01,Battocolo,31
2015-11-01,Battocolo,40
2015-12-01,Battocolo,75
2015-01-01,Ampara,10
2015-02-01,Ampara,5
2015-03-01,Ampara,6
2015-04-01,Ampara,0
2015-05-01,Ampara,5
2015-06-01,Ampara,9
2015-07-01,Ampara,4
2015-08-01,Ampara,6
2015-09-01,Ampara,5
2015-10-01,Ampara,3
2015-11-01,Ampara,3
2015-12-01,Ampara,11
2015-01-01,Trincomalee,131
2015-02-01,Trincomalee,96
2015-03-01,Trincomalee,59
2015-04-01,Trincomalee,81
2015-05-01,Trincomalee,65
2015-06-01,Trincomalee,39
2015-07-01,Trincomalee,30
2015-08-01,Trincomalee,9
2015-09-01,Trincomalee,8
2015-10-01,Trincomalee,6
2015-11-01,Trincomalee,15
2015-12-01,Trincomalee,48
2015-01-01,Kurunegala,329
2015-02-01,Kurunegala,178
2015-03-01,Kurunegala,108
2015-04-01,Kurunegala,73
2015-05-01,Kurunegala,62
2015-06-01,Kurunegala,61
2015-07-01,Kurunegala,82
2015-08-01,Kurunegala,70
2015-09-01,Kurunegala,27
2015-10-01,Kurunegala,56
2015-11-01,Kurunegala,107
2015-12-01,Kurunegala,100
2015-01-01,Puttalama,256
2015-02-01,Puttalama,85
2015-03-01,Puttalama,34
2015-04-01,Puttalama,20
2015-05-01,Puttalama,32
2015-06-01,Puttalama,42
2015-07-01,Puttalama,65
2015-08-01,Puttalama,14
2015-09-01,Puttalama,12
2015-10-01,Puttalama,23
2015-11-01,Puttalama,77
2015-12-01,Puttalama,79
2015-01-01,Anuradapura,122
2015-02-01,Anuradapura,78
2015-03-01,Anuradapura,27
2015-04-01,Anuradapura,18
2015-05-01,Anuradapura,12
2015-06-01,Anuradapura,15
2015-07-01,Anuradapura,18
2015-08-01,Anuradapura,13
2015-09-01,Anuradapura,14
2015-10-01,Anuradapura,12
2015-11-01,Anuradapura,29
2015-12-01,Anuradapura,43
2015-01-01,Polonnaruwa,47
2015-02-01,Polonnaruwa,48
2015-03-01,Polonnaruwa,13
2015-04-01,Polonnaruwa,9
2015-05-01,Polonnaruwa,12
2015-06-01,Polonnaruwa,9
2015-07-01,Polonnaruwa,18
2015-08-01,Polonnaruwa,12
2015-09-01,Polonnaruwa,8
2015-10-01,Polonnaruwa,21
2015-11-01,Polonnaruwa,25
2015-12-01,Polonnaruwa,28
2015-01-01,Badulla,195
2015-02-01,Badulla,60
2015-03-01,Badulla,30
2015-04-01,Badulla,31
2015-05-01,Badulla,22
2015-06-01,Badulla,30
2015-07-01,Badulla,33
2015-08-01,Badulla,19
2015-09-01,Badulla,10
2015-10-01,Badulla,35
2015-11-01,Badulla,54
2015-12-01,Badulla,47
2015-01-01,Monaragala,46
2015-02-01,Monaragala,29
2015-03-01,Monaragala,15
2015-04-01,Monaragala,7
2015-05-01,Monaragala,7
2015-06-01,Monaragala,18
2015-07-01,Monaragala,16
2015-08-01,Monaragala,14
2015-09-01,Monaragala,2
2015-10-01,Monaragala,16
2015-11-01,Monaragala,23
2015-12-01,Monaragala,30
2015-01-01,Rathnapura,163
2015-02-01,Rathnapura,122
2015-03-01,Rathnapura,90
2015-04-01,Rathnapura,59
2015-05-01,Rathnapura,70
2015-06-01,Rathnapura,68
2015-07-01,Rathnapura,105
2015-08-01,Rathnapura,74
2015-09-01,Rathnapura,46
2015-10-01,Rathnapura,64
2015-11-01,Rathnapura,93
2015-12-01,Rathnapura,87
2015-01-01,Kegalla,104
2015-02-01,Kegalla,57
2015-03-01,Kegalla,36
2015-04-01,Kegalla,40
2015-05-01,Kegalla,54
2015-06-01,Kegalla,38
2015-07-01,Kegalla,50
2015-08-01,Kegalla,49
2015-09-01,Kegalla,36
2015-10-01,Kegalla,70
2015-11-01,Kegalla,80
2015-12-01,Kegalla,97
2015-01-01,Kalminai,228
2015-02-01,Kalminai,87
2015-03-01,Kalminai,29
2015-04-01,Kalminai,21
2015-05-01,Kalminai,29
2015-06-01,Kalminai,19
2015-07-01,Kalminai,13
2015-08-01,Kalminai,16
2015-09-01,Kalminai,14
2015-10-01,Kalminai,7
2015-11-01,Kalminai,22
2015-12-01,Kalminai,53
2016-01-01,Colombo,2184
2016-02-01,Colombo,1569
2016-03-01,Colombo,1016
2016-04-01,Colombo,942
2016-05-01,Colombo,693
2016-06-01,Colombo,1459
2016-07-01,Colombo,3191
2016-08-01,Colombo,1478
2016-09-01,Colombo,939
2016-10-01,Colombo,459
2016-11-01,Colombo,460
2016-12-01,Colombo,2377
2016-01-01,Gampaha,862
2016-02-01,Gampaha,615
2016-03-01,Gampaha,260
2016-04-01,Gampaha,276
2016-05-01,Gampaha,221
2016-06-01,Gampaha,555
2016-07-01,Gampaha,1625
2016-08-01,Gampaha,687
2016-09-01,Gampaha,526
2016-10-01,Gampaha,219
2016-11-01,Gampaha,220
2016-12-01,Gampaha,1107
2016-01-01,Kalutara,321
2016-02-01,Kalutara,294
2016-03-01,Kalutara,197
2016-04-01,Kalutara,312
2016-05-01,Kalutara,249
2016-06-01,Kalutara,343
2016-07-01,Kalutara,683
2016-08-01,Kalutara,293
2016-09-01,Kalutara,195
2016-10-01,Kalutara,106
2016-11-01,Kalutara,121
2016-12-01,Kalutara,388
2016-01-01,Kandy,335
2016-02-01,Kandy,207
2016-03-01,Kandy,93
2016-04-01,Kandy,109
2016-05-01,Kandy,154
2016-06-01,Kandy,504
2016-07-01,Kandy,1226
2016-08-01,Kandy,510
2016-09-01,Kandy,347
2016-10-01,Kandy,165
2016-11-01,Kandy,112
2016-12-01,Kandy,301
2016-01-01,Matale,51
2016-02-01,Matale,42
2016-03-01,Matale,33
2016-04-01,Matale,21
2016-05-01,Matale,29
2016-06-01,Matale,89
2016-07-01,Matale,348
2016-08-01,Matale,133
2016-09-01,Matale,135
2016-10-01,Matale,78
2016-11-01,Matale,66
2016-12-01,Matale,123
2016-01-01,N eliya,44
2016-02-01,N eliya,22
2016-03-01,N eliya,20
2016-04-01,N eliya,31
2016-05-01,N eliya,18
2016-06-01,N eliya,38
2016-07-01,N eliya,111
2016-08-01,N eliya,51
2016-09-01,N eliya,25
2016-10-01,N eliya,18
2016-11-01,N eliya,12
2016-12-01,N eliya,31
2016-01-01,Galle,276
2016-02-01,Galle,135
2016-03-01,Galle,110
2016-04-01,Galle,120
2016-05-01,Galle,118
2016-06-01,Galle,121
2016-07-01,Galle,467
2016-08-01,Galle,253
2016-09-01,Galle,288
2016-10-01,Galle,236
2016-11-01,Galle,281
2016-12-01,Galle,681
2016-01-01,Hambantota,97
2016-02-01,Hambantota,79
2016-03-01,Hambantota,47
2016-04-01,Hambantota,43
2016-05-01,Hambantota,42
2016-06-01,Hambantota,82
2016-07-01,Hambantota,176
2016-08-01,Hambantota,47
2016-09-01,Hambantota,57
2016-10-01,Hambantota,30
2016-11-01,Hambantota,47
2016-12-01,Hambantota,153
2016-01-01,Matara,139
2016-02-01,Matara,92
2016-03-01,Matara,43
2016-04-01,Matara,56
2016-05-01,Matara,35
2016-06-01,Matara,119
2016-07-01,Matara,282
2016-08-01,Matara,144
2016-09-01,Matara,115
2016-10-01,Matara,82
2016-11-01,Matara,86
2016-12-01,Matara,191
2016-01-01,Jaffna,687
2016-02-01,Jaffna,238
2016-03-01,Jaffna,150
2016-04-01,Jaffna,93
2016-05-01,Jaffna,58
2016-06-01,Jaffna,80
2016-07-01,Jaffna,226
2016-08-01,Jaffna,148
2016-09-01,Jaffna,121
2016-10-01,Jaffna,91
2016-11-01,Jaffna,135
2016-12-01,Jaffna,441
2016-01-01,Killinochchi,15
2016-02-01,Killinochchi,16
2016-03-01,Killinochchi,5
2016-04-01,Killinochchi,7
2016-05-01,Killinochchi,4
2016-06-01,Killinochchi,4
2016-07-01,Killinochchi,8
2016-08-01,Killinochchi,8
2016-09-01,Killinochchi,3
2016-10-01,Killinochchi,5
2016-11-01,Killinochchi,1
2016-12-01,Killinochchi,10
2016-01-01,Mannar,42
2016-02-01,Mannar,17
2016-03-01,Mannar,3
2016-04-01,Mannar,7
2016-05-01,Mannar,16
2016-06-01,Mannar,10
2016-07-01,Mannar,10
2016-08-01,Mannar,2
2016-09-01,Mannar,12
2016-10-01,Mannar,18
2016-11-01,Mannar,17
2016-12-01,Mannar,78
2016-01-01,Vauniya,69
2016-02-01,Vauniya,22
2016-03-01,Vauniya,19
2016-04-01,Vauniya,26
2016-05-01,Vauniya,13
2016-06-01,Vauniya,7
2016-07-01,Vauniya,30
2016-08-01,Vauniya,12
2016-09-01,Vauniya,20
2016-10-01,Vauniya,12
2016-11-01,Vauniya,5
2016-12-01,Vauniya,33
2016-01-01,Mulative,29
2016-02-01,Mulative,18
2016-03-01,Mulative,19
2016-04-01,Mulative,22
2016-05-01,Mulative,9
2016-06-01,Mulative,18
2016-07-01,Mulative,22
2016-08-01,Mulative,12
2016-09-01,Mulative,7
2016-10-01,Mulative,7
2016-11-01,Mulative,7
2016-12-01,Mulative,12
2016-01-01,Battocolo,124
2016-02-01,Battocolo,65
2016-03-01,Battocolo,34
2016-04-01,Battocolo,31
2016-05-01,Battocolo,20
2016-06-01,Battocolo,43
2016-07-01,Battocolo,69
2016-08-01,Battocolo,38
2016-09-01,Battocolo,31
2016-10-01,Battocolo,13
2016-11-01,Battocolo,18
2016-12-01,Battocolo,126
2016-01-01,Ampara,38
2016-02-01,Ampara,19
2016-03-01,Ampara,18
2016-04-01,Ampara,18
2016-05-01,Ampara,7
2016-06-01,Ampara,22
2016-07-01,Ampara,61
2016-08-01,Ampara,17
2016-09-01,Ampara,20
2016-10-01,Ampara,7
2016-11-01,Ampara,4
2016-12-01,Ampara,29
2016-01-01,Trincomalee,102
2016-02-01,Trincomalee,59
2016-03-01,Trincomalee,42
2016-04-01,Trincomalee,32
2016-05-01,Trincomalee,28
2016-06-01,Trincomalee,25
2016-07-01,Trincomalee,35
2016-08-01,Trincomalee,17
2016-09-01,Trincomalee,14
2016-10-01,Trincomalee,9
2016-11-01,Trincomalee,8
2016-12-01,Trincomalee,132
2016-01-01,Kurunegala,241
2016-02-01,Kurunegala,170
2016-03-01,Kurunegala,105
2016-04-01,Kurunegala,98
2016-05-01,Kurunegala,194
2016-06-01,Kurunegala,361
2016-07-01,Kurunegala,598
2016-08-01,Kurunegala,227
2016-09-01,Kurunegala,125
2016-10-01,Kurunegala,67
2016-11-01,Kurunegala,110
2016-12-01,Kurunegala,260
2016-01-01,Puttalama,206
2016-02-01,Puttalama,160
2016-03-01,Puttalama,63
2016-04-01,Puttalama,74
2016-05-01,Puttalama,53
2016-06-01,Puttalama,87
2016-07-01,Puttalama,144
2016-08-01,Puttalama,89
2016-09-01,Puttalama,47
2016-10-01,Puttalama,17
2016-11-01,Puttalama,26
2016-12-01,Puttalama,80
2016-01-01,Anuradapura,98
2016-02-01,Anuradapura,65
2016-03-01,Anuradapura,33
2016-04-01,Anuradapura,50
2016-05-01,Anuradapura,29
2016-06-01,Anuradapura,40
2016-07-01,Anuradapura,137
2016-08-01,Anuradapura,91
2016-09-01,Anuradapura,70
2016-10-01,Anuradapura,28
2016-11-01,Anuradapura,30
2016-12-01,Anuradapura,60
2016-01-01,Polonnaruwa,60
2016-02-01,Polonnaruwa,48
2016-03-01,Polonnaruwa,24
2016-04-01,Polonnaruwa,33
2016-05-01,Polonnaruwa,20
2016-06-01,Polonnaruwa,31
2016-07-01,Polonnaruwa,110
2016-08-01,Polonnaruwa,38
2016-09-01,Polonnaruwa,27
2016-10-01,Polonnaruwa,22
2016-11-01,Polonnaruwa,23
2016-12-01,Polonnaruwa,43
2016-01-01,Badulla,85
2016-02-01,Badulla,40
2016-03-01,Badulla,55
2016-04-01,Badulla,43
2016-05-01,Badulla,32
2016-06-01,Badulla,107
2016-07-01,Badulla,169
2016-08-01,Badulla,72
2016-09-01,Badulla,127
2016-10-01,Badulla,200
2016-11-01,Badulla,105
2016-12-01,Badulla,150
2016-01-01,Monaragala,58
2016-02-01,Monaragala,32
2016-03-01,Monaragala,23
2016-04-01,Monaragala,31
2016-05-01,Monaragala,18
2016-06-01,Monaragala,24
2016-07-01,Monaragala,70
2016-08-01,Monaragala,59
2016-09-01,Monaragala,46
2016-10-01,Monaragala,18
2016-11-01,Monaragala,29
2016-12-01,Monaragala,67
2016-01-01,Rathnapura,211
2016-02-01,Rathnapura,135
2016-03-01,Rathnapura,169
2016-04-01,Rathnapura,237
2016-05-01,Rathnapura,241
2016-06-01,Rathnapura,395
2016-07-01,Rathnapura,681
2016-08-01,Rathnapura,275
2016-09-01,Rathnapura,196
2016-10-01,Rathnapura,139
2016-11-01,Rathnapura,143
2016-12-01,Rathnapura,308
2016-01-01,Kegalla,198
2016-02-01,Kegalla,153
2016-03-01,Kegalla,66
2016-04-01,Kegalla,90
2016-05-01,Kegalla,100
2016-06-01,Kegalla,149
2016-07-01,Kegalla,210
2016-08-01,Kegalla,153
2016-09-01,Kegalla,104
2016-10-01,Kegalla,82
2016-11-01,Kegalla,60
2016-12-01,Kegalla,148
2016-01-01,Kalminai,122
2016-02-01,Kalminai,127
2016-03-01,Kalminai,49
2016-04-01,Kalminai,30
2016-05-01,Kalminai,21
2016-06-01,Kalminai,18
2016-07-01,Kalminai,26
2016-08-01,Kalminai,19
2016-09-01,Kalminai,32
2016-10-01,Kalminai,57
2016-11-01,Kalminai,131
2016-12-01,Kalminai,348
2017-01-01,Colombo,2734
2017-02-01,Colombo,1900
2017-03-01,Colombo,2467
2017-04-01,Colombo,2570
2017-05-01,Colombo,3333
2017-06-01,Colombo,5372
2017-07-01,Colombo,7471
2017-08-01,Colombo,3620
2017-09-01,Colombo,1251
2017-10-01,Colombo,823
2017-11-01,Colombo,1131
2017-12-01,Colombo,1602
2017-01-01,Gampaha,1635
2017-02-01,Gampaha,1087
2017-03-01,Gampaha,1870
2017-04-01,Gampaha,2072
2017-05-01,Gampaha,3168
2017-06-01,Gampaha,4901
2017-07-01,Gampaha,9039
2017-08-01,Gampaha,3553
2017-09-01,Gampaha,1246
2017-10-01,Gampaha,779
2017-11-01,Gampaha,1078
2017-12-01,Gampaha,1219
2017-01-01,Kalutara,581
2017-02-01,Kalutara,448
2017-03-01,Kalutara,836
2017-04-01,Kalutara,739
2017-05-01,Kalutara,946
2017-06-01,Kalutara,1248
2017-07-01,Kalutara,2612
2017-08-01,Kalutara,1477
2017-09-01,Kalutara,663
2017-10-01,Kalutara,337
2017-11-01,Kalutara,528
2017-12-01,Kalutara,546
2017-01-01,Kandy,252
2017-02-01,Kandy,207
2017-03-01,Kandy,369
2017-04-01,Kandy,443
2017-05-01,Kandy,862
2017-06-01,Kandy,2314
2017-07-01,Kandy,3855
2017-08-01,Kandy,2354
2017-09-01,Kandy,1090
2017-10-01,Kandy,821
2017-11-01,Kandy,884
2017-12-01,Kandy,957
2017-01-01,Matale,129
2017-02-01,Matale,103
2017-03-01,Matale,145
2017-04-01,Matale,120
2017-05-01,Matale,165
2017-06-01,Matale,436
2017-07-01,Matale,766
2017-08-01,Matale,534
2017-09-01,Matale,167
2017-10-01,Matale,177
2017-11-01,Matale,214
2017-12-01,Matale,215
2017-01-01,N eliya,50
2017-02-01,N eliya,32
2017-03-01,N eliya,42
2017-04-01,N eliya,37
2017-05-01,N eliya,57
2017-06-01,N eliya,94
2017-07-01,N eliya,294
2017-08-01,N eliya,159
2017-09-01,N eliya,39
2017-10-01,N eliya,27
2017-11-01,N eliya,22
2017-12-01,N eliya,39
2017-01-01,Galle,872
2017-02-01,Galle,567
2017-03-01,Galle,424
2017-04-01,Galle,265
2017-05-01,Galle,394
2017-06-01,Galle,623
2017-07-01,Galle,1072
2017-08-01,Galle,877
2017-09-01,Galle,369
2017-10-01,Galle,163
2017-11-01,Galle,300
2017-12-01,Galle,339
2017-01-01,Hambantota,301
2017-02-01,Hambantota,225
2017-03-01,Hambantota,339
2017-04-01,Hambantota,333
2017-05-01,Hambantota,272
2017-06-01,Hambantota,384
2017-07-01,Hambantota,529
2017-08-01,Hambantota,359
2017-09-01,Hambantota,237
2017-10-01,Hambantota,174
2017-11-01,Hambantota,244
2017-12-01,Hambantota,181
2017-01-01,Matara,431
2017-02-01,Matara,382
2017-03-01,Matara,337
2017-04-01,Matara,354
2017-05-01,Matara,488
2017-06-01,Matara,581
2017-07-01,Matara,1789
2017-08-01,Matara,1029
2017-09-01,Matara,403
2017-10-01,Matara,174
2017-11-01,Matara,181
2017-12-01,Matara,182
2017-01-01,Jaffna,625
2017-02-01,Jaffna,478
2017-03-01,Jaffna,863
2017-04-01,Jaffna,499
2017-05-01,Jaffna,301
2017-06-01,Jaffna,288
2017-07-01,Jaffna,376
2017-08-01,Jaffna,290
2017-09-01,Jaffna,341
2017-10-01,Jaffna,593
2017-11-01,Jaffna,509
2017-12-01,Jaffna,912
2017-01-01,Killinochchi,55
2017-02-01,Killinochchi,84
2017-03-01,Killinochchi,35
2017-04-01,Killinochchi,46
2017-05-01,Killinochchi,21
2017-06-01,Killinochchi,21
2017-07-01,Killinochchi,90
2017-08-01,Killinochchi,59
2017-09-01,Killinochchi,30
2017-10-01,Killinochchi,17
2017-11-01,Killinochchi,28
2017-12-01,Killinochchi,32
2017-01-01,Mannar,147
2017-02-01,Mannar,91
2017-03-01,Mannar,65
2017-04-01,Mannar,90
2017-05-01,Mannar,60
2017-06-01,Mannar,23
2017-07-01,Mannar,23
2017-08-01,Mannar,5
2017-09-01,Mannar,3
2017-10-01,Mannar,6
2017-11-01,Mannar,8
2017-12-01,Mannar,22
2017-01-01,Vauniya,58
2017-02-01,Vauniya,76
2017-03-01,Vauniya,143
2017-04-01,Vauniya,83
2017-05-01,Vauniya,65
2017-06-01,Vauniya,81
2017-07-01,Vauniya,137
2017-08-01,Vauniya,92
2017-09-01,Vauniya,52
2017-10-01,Vauniya,48
2017-11-01,Vauniya,97
2017-12-01,Vauniya,143
2017-01-01,Mulative,37
2017-02-01,Mulative,32
2017-03-01,Mulative,21
2017-04-01,Mulative,16
2017-05-01,Mulative,27
2017-06-01,Mulative,37
2017-07-01,Mulative,71
2017-08-01,Mulative,50
2017-09-01,Mulative,23
2017-10-01,Mulative,16
2017-11-01,Mulative,24
2017-12-01,Mulative,40
2017-01-01,Battocolo,217
2017-02-01,Battocolo,465
2017-03-01,Battocolo,828
2017-04-01,Battocolo,1182
2017-05-01,Battocolo,869
2017-06-01,Battocolo,465
2017-07-01,Battocolo,273
2017-08-01,Battocolo,197
2017-09-01,Battocolo,143
2017-10-01,Battocolo,140
2017-11-01,Battocolo,271
2017-12-01,Battocolo,556
2017-01-01,Ampara,51
2017-02-01,Ampara,51
2017-03-01,Ampara,59
2017-04-01,Ampara,72
2017-05-01,Ampara,75
2017-06-01,Ampara,105
2017-07-01,Ampara,225
2017-08-01,Ampara,100
2017-09-01,Ampara,62
2017-10-01,Ampara,41
2017-11-01,Ampara,33
2017-12-01,Ampara,60
2017-01-01,Trincomalee,387
2017-02-01,Trincomalee,661
2017-03-01,Trincomalee,2114
2017-04-01,Trincomalee,936
2017-05-01,Trincomalee,158
2017-06-01,Trincomalee,136
2017-07-01,Trincomalee,154
2017-08-01,Trincomalee,99
2017-09-01,Trincomalee,68
2017-10-01,Trincomalee,70
2017-11-01,Trincomalee,105
2017-12-01,Trincomalee,120
2017-01-01,Kurunegala,403
2017-02-01,Kurunegala,381
2017-03-01,Kurunegala,505
2017-04-01,Kurunegala,629
2017-05-01,Kurunegala,1281
2017-06-01,Kurunegala,2030
2017-07-01,Kurunegala,2300
2017-08-01,Kurunegala,1487
2017-09-01,Kurunegala,576
2017-10-01,Kurunegala,368
2017-11-01,Kurunegala,747
2017-12-01,Kurunegala,562
2017-01-01,Puttalama,196
2017-02-01,Puttalama,132
2017-03-01,Puttalama,212
2017-04-01,Puttalama,318
2017-05-01,Puttalama,612
2017-06-01,Puttalama,783
2017-07-01,Puttalama,1304
2017-08-01,Puttalama,1192
2017-09-01,Puttalama,419
2017-10-01,Puttalama,501
2017-11-01,Puttalama,1037
2017-12-01,Puttalama,1135
2017-01-01,Anuradapura,166
2017-02-01,Anuradapura,147
2017-03-01,Anuradapura,255
2017-04-01,Anuradapura,193
2017-05-01,Anuradapura,249
2017-06-01,Anuradapura,378
2017-07-01,Anuradapura,709
2017-08-01,Anuradapura,299
2017-09-01,Anuradapura,96
2017-10-01,Anuradapura,79
2017-11-01,Anuradapura,153
2017-12-01,Anuradapura,191
2017-01-01,Polonnaruwa,54
2017-02-01,Polonnaruwa,64
2017-03-01,Polonnaruwa,98
2017-04-01,Polonnaruwa,172
2017-05-01,Polonnaruwa,160
2017-06-01,Polonnaruwa,190
2017-07-01,Polonnaruwa,320
2017-08-01,Polonnaruwa,104
2017-09-01,Polonnaruwa,54
2017-10-01,Polonnaruwa,56
2017-11-01,Polonnaruwa,65
2017-12-01,Polonnaruwa,73
2017-01-01,Badulla,226
2017-02-01,Badulla,130
2017-03-01,Badulla,139
2017-04-01,Badulla,167
2017-05-01,Badulla,186
2017-06-01,Badulla,400
2017-07-01,Badulla,1220
2017-08-01,Badulla,490
2017-09-01,Badulla,273
2017-10-01,Badulla,159
2017-11-01,Badulla,174
2017-12-01,Badulla,178
2017-01-01,Monaragala,97
2017-02-01,Monaragala,97
2017-03-01,Monaragala,112
2017-04-01,Monaragala,126
2017-05-01,Monaragala,164
2017-06-01,Monaragala,449
2017-07-01,Monaragala,569
2017-08-01,Monaragala,348
2017-09-01,Monaragala,300
2017-10-01,Monaragala,357
2017-11-01,Monaragala,334
2017-12-01,Monaragala,291
2017-01-01,Rathnapura,439
2017-02-01,Rathnapura,360
2017-03-01,Rathnapura,507
2017-04-01,Rathnapura,519
2017-05-01,Rathnapura,1161
2017-06-01,Rathnapura,1908
2017-07-01,Rathnapura,3175
2017-08-01,Rathnapura,1661
2017-09-01,Rathnapura,740
2017-10-01,Rathnapura,265
2017-11-01,Rathnapura,255
2017-12-01,Rathnapura,306
2017-01-01,Kegalla,210
2017-02-01,Kegalla,230
2017-03-01,Kegalla,377
2017-04-01,Kegalla,332
2017-05-01,Kegalla,700
2017-06-01,Kegalla,1945
2017-07-01,Kegalla,2551
2017-08-01,Kegalla,1684
2017-09-01,Kegalla,746
2017-10-01,Kegalla,264
2017-11-01,Kegalla,250
2017-12-01,Kegalla,269
2017-01-01,Kalminai,574
2017-02-01,Kalminai,294
2017-03-01,Kalminai,378
2017-04-01,Kalminai,197
2017-05-01,Kalminai,162
2017-06-01,Kalminai,127
2017-07-01,Kalminai,197
2017-08-01,Kalminai,151
2017-09-01,Kalminai,128
2017-10-01,Kalminai,159
2017-11-01,Kalminai,196
2017-12-01,Kalminai,583
2018-01-01,Colombo,1177
2018-02-01,Colombo,622
2018-03-01,Colombo,475
2018-04-01,Colombo,403
2018-05-01,Colombo,615
2018-06-01,Colombo,1292
2018-07-01,Colombo,1568
2018-08-01,Colombo,1037
2018-09-01,Colombo,387
2018-10-01,Colombo,372
2018-11-01,Colombo,977
2018-12-01,Colombo,1333
2018-01-01,Gampaha,711
2018-02-01,Gampaha,404
2018-03-01,Gampaha,239
2018-04-01,Gampaha,175
2018-05-01,Gampaha,233
2018-06-01,Gampaha,668
2018-07-01,Gampaha,852
2018-08-01,Gampaha,661
2018-09-01,Gampaha,350
2018-10-01,Gampaha,237
2018-11-01,Gampaha,590
2018-12-01,Gampaha,737
2018-01-01,Kalutara,431
2018-02-01,Kalutara,314
2018-03-01,Kalutara,305
2018-04-01,Kalutara,136
2018-05-01,Kalutara,169
2018-06-01,Kalutara,327
2018-07-01,Kalutara,422
2018-08-01,Kalutara,262
2018-09-01,Kalutara,119
2018-10-01,Kalutara,87
2018-11-01,Kalutara,233
2018-12-01,Kalutara,350
2018-01-01,Kandy,481
2018-02-01,Kandy,271
2018-03-01,Kandy,181
2018-04-01,Kandy,140
2018-05-01,Kandy,296
2018-06-01,Kandy,411
2018-07-01,Kandy,494
2018-08-01,Kandy,393
2018-09-01,Kandy,273
2018-10-01,Kandy,193
2018-11-01,Kandy,360
2018-12-01,Kandy,339
2018-01-01,Matale,139
2018-02-01,Matale,69
2018-03-01,Matale,68
2018-04-01,Matale,71
2018-05-01,Matale,117
2018-06-01,Matale,88
2018-07-01,Matale,121
2018-08-01,Matale,81
2018-09-01,Matale,26
2018-10-01,Matale,23
2018-11-01,Matale,43
2018-12-01,Matale,60
2018-01-01,N eliya,23
2018-02-01,N eliya,16
2018-03-01,N eliya,10
2018-04-01,N eliya,15
2018-05-01,N eliya,15
2018-06-01,N eliya,15
2018-07-01,N eliya,37
2018-08-01,N eliya,23
2018-09-01,N eliya,11
2018-10-01,N eliya,13
2018-11-01,N eliya,14
2018-12-01,N eliya,15
2018-01-01,Galle,170
2018-02-01,Galle,127
2018-03-01,Galle,71
2018-04-01,Galle,54
2018-05-01,Galle,54
2018-06-01,Galle,88
2018-07-01,Galle,133
2018-08-01,Galle,62
2018-09-01,Galle,33
2018-10-01,Galle,34
2018-11-01,Galle,66
2018-12-01,Galle,84
2018-01-01,Hambantota,126
2018-02-01,Hambantota,120
2018-03-01,Hambantota,125
2018-04-01,Hambantota,61
2018-05-01,Hambantota,21
2018-06-01,Hambantota,58
2018-07-01,Hambantota,103
2018-08-01,Hambantota,78
2018-09-01,Hambantota,31
2018-10-01,Hambantota,48
2018-11-01,Hambantota,100
2018-12-01,Hambantota,101
2018-01-01,Matara,136
2018-02-01,Matara,120
2018-03-01,Matara,95
2018-04-01,Matara,50
2018-05-01,Matara,41
2018-06-01,Matara,43
2018-07-01,Matara,152
2018-08-01,Matara,159
2018-09-01,Matara,75
2018-10-01,Matara,47
2018-11-01,Matara,89
2018-12-01,Matara,141
2018-01-01,Jaffna,637
2018-02-01,Jaffna,314
2018-03-01,Jaffna,206
2018-04-01,Jaffna,86
2018-05-01,Jaffna,100
2018-06-01,Jaffna,439
2018-07-01,Jaffna,301
2018-08-01,Jaffna,201
2018-09-01,Jaffna,115
2018-10-01,Jaffna,203
2018-11-01,Jaffna,525
2018-12-01,Jaffna,931
2018-01-01,Killinochchi,38
2018-02-01,Killinochchi,30
2018-03-01,Killinochchi,29
2018-04-01,Killinochchi,18
2018-05-01,Killinochchi,20
2018-06-01,Killinochchi,45
2018-07-01,Killinochchi,33
2018-08-01,Killinochchi,27
2018-09-01,Killinochchi,34
2018-10-01,Killinochchi,9
2018-11-01,Killinochchi,32
2018-12-01,Killinochchi,27
2018-01-01,Mannar,12
2018-02-01,Mannar,2
2018-03-01,Mannar,6
2018-04-01,Mannar,5
2018-05-01,Mannar,2
2018-06-01,Mannar,9
2018-07-01,Mannar,111
2018-08-01,Mannar,39
2018-09-01,Mannar,4
2018-10-01,Mannar,6
2018-11-01,Mannar,6
2018-12-01,Mannar,22
2018-01-01,Vauniya,71
2018-02-01,Vauniya,46
2018-03-01,Vauniya,50
2018-04-01,Vauniya,24
2018-05-01,Vauniya,24
2018-06-01,Vauniya,89
2018-07-01,Vauniya,86
2018-08-01,Vauniya,75
2018-09-01,Vauniya,23
2018-10-01,Vauniya,22
2018-11-01,Vauniya,43
2018-12-01,Vauniya,50
2018-01-01,Mulative,10
2018-02-01,Mulative,9
2018-03-01,Mulative,6
2018-04-01,Mulative,4
2018-05-01,Mulative,5
2018-06-01,Mulative,17
2018-07-01,Mulative,17
2018-08-01,Mulative,18
2018-09-01,Mulative,7
2018-10-01,Mulative,8
2018-11-01,Mulative,7
2018-12-01,Mulative,10
2018-01-01,Battocolo,598
2018-02-01,Battocolo,496
2018-03-01,Battocolo,548
2018-04-01,Battocolo,577
2018-05-01,Battocolo,808
2018-06-01,Battocolo,689
2018-07-01,Battocolo,330
2018-08-01,Battocolo,156
2018-09-01,Battocolo,81
2018-10-01,Battocolo,116
2018-11-01,Battocolo,227
2018-12-01,Battocolo,217
2018-01-01,Ampara,24
2018-02-01,Ampara,14
2018-03-01,Ampara,14
2018-04-01,Ampara,8
2018-05-01,Ampara,6
2018-06-01,Ampara,47
2018-07-01,Ampara,60
2018-08-01,Ampara,20
2018-09-01,Ampara,7
2018-10-01,Ampara,8
2018-11-01,Ampara,25
2018-12-01,Ampara,16
2018-01-01,Trincomalee,100
2018-02-01,Trincomalee,91
2018-03-01,Trincomalee,63
2018-04-01,Trincomalee,65
2018-05-01,Trincomalee,119
2018-06-01,Trincomalee,218
2018-07-01,Trincomalee,175
2018-08-01,Trincomalee,75
2018-09-01,Trincomalee,23
2018-10-01,Trincomalee,13
2018-11-01,Trincomalee,97
2018-12-01,Trincomalee,176
2018-01-01,Kurunegala,505
2018-02-01,Kurunegala,309
2018-03-01,Kurunegala,176
2018-04-01,Kurunegala,101
2018-05-01,Kurunegala,120
2018-06-01,Kurunegala,183
2018-07-01,Kurunegala,284
2018-08-01,Kurunegala,210
2018-09-01,Kurunegala,92
2018-10-01,Kurunegala,68
2018-11-01,Kurunegala,220
2018-12-01,Kurunegala,196
2018-01-01,Puttalama,537
2018-02-01,Puttalama,270
2018-03-01,Puttalama,124
2018-04-01,Puttalama,61
2018-05-01,Puttalama,103
2018-06-01,Puttalama,96
2018-07-01,Puttalama,150
2018-08-01,Puttalama,31
2018-09-01,Puttalama,65
2018-10-01,Puttalama,107
2018-11-01,Puttalama,301
2018-12-01,Puttalama,165
2018-01-01,Anuradapura,107
2018-02-01,Anuradapura,122
2018-03-01,Anuradapura,62
2018-04-01,Anuradapura,47
2018-05-01,Anuradapura,76
2018-06-01,Anuradapura,86
2018-07-01,Anuradapura,136
2018-08-01,Anuradapura,68
2018-09-01,Anuradapura,32
2018-10-01,Anuradapura,26
2018-11-01,Anuradapura,63
2018-12-01,Anuradapura,59
2018-01-01,Polonnaruwa,45
2018-02-01,Polonnaruwa,21
2018-03-01,Polonnaruwa,20
2018-04-01,Polonnaruwa,25
2018-05-01,Polonnaruwa,25
2018-06-01,Polonnaruwa,28
2018-07-01,Polonnaruwa,51
2018-08-01,Polonnaruwa,26
2018-09-01,Polonnaruwa,18
2018-10-01,Polonnaruwa,8
2018-11-01,Polonnaruwa,24
2018-12-01,Polonnaruwa,34
2018-01-01,Badulla,76
2018-02-01,Badulla,40
2018-03-01,Badulla,28
2018-04-01,Badulla,32
2018-05-01,Badulla,27
2018-06-01,Badulla,58
2018-07-01,Badulla,74
2018-08-01,Badulla,72
2018-09-01,Badulla,39
2018-10-01,Badulla,39
2018-11-01,Badulla,64
2018-12-01,Badulla,64
2018-01-01,Monaragala,185
2018-02-01,Monaragala,120
2018-03-01,Monaragala,81
2018-04-01,Monaragala,47
2018-05-01,Monaragala,50
2018-06-01,Monaragala,79
2018-07-01,Monaragala,72
2018-08-01,Monaragala,70
2018-09-01,Monaragala,33
2018-10-01,Monaragala,29
2018-11-01,Monaragala,34
2018-12-01,Monaragala,54
2018-01-01,Rathnapura,178
2018-02-01,Rathnapura,199
2018-03-01,Rathnapura,154
2018-04-01,Rathnapura,169
2018-05-01,Rathnapura,259
2018-06-01,Rathnapura,229
2018-07-01,Rathnapura,373
2018-08-01,Rathnapura,207
2018-09-01,Rathnapura,78
2018-10-01,Rathnapura,79
2018-11-01,Rathnapura,163
2018-12-01,Rathnapura,158
2018-01-01,Kegalla,188
2018-02-01,Kegalla,114
2018-03-01,Kegalla,104
2018-04-01,Kegalla,96
2018-05-01,Kegalla,107
2018-06-01,Kegalla,132
2018-07-01,Kegalla,200
2018-08-01,Kegalla,165
2018-09-01,Kegalla,57
2018-10-01,Kegalla,77
2018-11-01,Kegalla,157
2018-12-01,Kegalla,137
2018-01-01,Kalminai,573
2018-02-01,Kalminai,230
2018-03-01,Kalminai,140
2018-04-01,Kalminai,148
2018-05-01,Kalminai,148
2018-06-01,Kalminai,79
2018-07-01,Kalminai,120
2018-08-01,Kalminai,77
2018-09-01,Kalminai,36
2018-10-01,Kalminai,33
2018-11-01,Kalminai,77
2018-12-01,Kalminai,105
2019-01-01,Colombo,1225
2019-02-01,Colombo,792
2019-03-01,Colombo,815
2019-04-01,Colombo,579
2019-05-01,Colombo,866
2019-06-01,Colombo,1126
2019-07-01,Colombo,1857
2019-08-01,Colombo,1903
2019-09-01,Colombo,1462
2019-10-01,Colombo,2593
2019-11-01,Colombo,4217
2019-12-01,Colombo,3283
2019-01-01,Gampaha,724
2019-02-01,Gampaha,466
2019-03-01,Gampaha,511
2019-04-01,Gampaha,429
2019-05-01,Gampaha,569
2019-06-01,Gampaha,890
2019-07-01,Gampaha,1760
2019-08-01,Gampaha,2059
2019-09-01,Gampaha,1515
2019-10-01,Gampaha,2070
2019-11-01,Gampaha,3154
2019-12-01,Gampaha,2426
2019-01-01,Kalutara,372
2019-02-01,Kalutara,202
2019-03-01,Kalutara,250
2019-04-01,Kalutara,219
2019-05-01,Kalutara,384
2019-06-01,Kalutara,749
2019-07-01,Kalutara,1136
2019-08-01,Kalutara,1095
2019-09-01,Kalutara,737
2019-10-01,Kalutara,988
2019-11-01,Kalutara,1310
2019-12-01,Kalutara,953
2019-01-01,Kandy,288
2019-02-01,Kandy,229
2019-03-01,Kandy,231
2019-04-01,Kandy,192
2019-05-01,Kandy,296
2019-06-01,Kandy,289
2019-07-01,Kandy,515
2019-08-01,Kandy,677
2019-09-01,Kandy,784
2019-10-01,Kandy,1502
2019-11-01,Kandy,2444
2019-12-01,Kandy,1493
2019-01-01,Matale,62
2019-02-01,Matale,54
2019-03-01,Matale,58
2019-04-01,Matale,17
2019-05-01,Matale,30
2019-06-01,Matale,54
2019-07-01,Matale,60
2019-08-01,Matale,73
2019-09-01,Matale,62
2019-10-01,Matale,275
2019-11-01,Matale,902
2019-12-01,Matale,798
2019-01-01,N eliya,26
2019-02-01,N eliya,17
2019-03-01,N eliya,12
2019-04-01,N eliya,7
2019-05-01,N eliya,19
2019-06-01,N eliya,22
2019-07-01,N eliya,33
2019-08-01,N eliya,31
2019-09-01,N eliya,32
2019-10-01,N eliya,52
2019-11-01,N eliya,97
2019-12-01,N eliya,90
2019-01-01,Galle,132
2019-02-01,Galle,123
2019-03-01,Galle,156
2019-04-01,Galle,207
2019-05-01,Galle,772
2019-06-01,Galle,1155
2019-07-01,Galle,1055
2019-08-01,Galle,956
2019-09-01,Galle,470
2019-10-01,Galle,536
2019-11-01,Galle,993
2019-12-01,Galle,823
2019-01-01,Hambantota,140
2019-02-01,Hambantota,91
2019-03-01,Hambantota,80
2019-04-01,Hambantota,81
2019-05-01,Hambantota,109
2019-06-01,Hambantota,124
2019-07-01,Hambantota,272
2019-08-01,Hambantota,271
2019-09-01,Hambantota,199
2019-10-01,Hambantota,224
2019-11-01,Hambantota,263
2019-12-01,Hambantota,195
2019-01-01,Matara,219
2019-02-01,Matara,133
2019-03-01,Matara,101
2019-04-01,Matara,106
2019-05-01,Matara,130
2019-06-01,Matara,291
2019-07-01,Matara,583
2019-08-01,Matara,717
2019-09-01,Matara,383
2019-10-01,Matara,493
2019-11-01,Matara,543
2019-12-01,Matara,355
2019-01-01,Jaffna,900
2019-02-01,Jaffna,454
2019-03-01,Jaffna,268
2019-04-01,Jaffna,161
2019-05-01,Jaffna,123
2019-06-01,Jaffna,59
2019-07-01,Jaffna,90
2019-08-01,Jaffna,110
2019-09-01,Jaffna,154
2019-10-01,Jaffna,538
2019-11-01,Jaffna,2641
2019-12-01,Jaffna,2763
2019-01-01,Killinochchi,34
2019-02-01,Killinochchi,23
2019-03-01,Killinochchi,16
2019-04-01,Killinochchi,11
2019-05-01,Killinochchi,12
2019-06-01,Killinochchi,9
2019-07-01,Killinochchi,11
2019-08-01,Killinochchi,5
2019-09-01,Killinochchi,13
2019-10-01,Killinochchi,22
2019-11-01,Killinochchi,99
2019-12-01,Killinochchi,141
2019-01-01,Mannar,27
2019-02-01,Mannar,16
2019-03-01,Mannar,14
2019-04-01,Mannar,9
2019-05-01,Mannar,6
2019-06-01,Mannar,3
2019-07-01,Mannar,1
2019-08-01,Mannar,2
2019-09-01,Mannar,1
2019-10-01,Mannar,22
2019-11-01,Mannar,40
2019-12-01,Mannar,130
2019-01-01,Vauniya,41
2019-02-01,Vauniya,44
2019-03-01,Vauniya,57
2019-04-01,Vauniya,16
2019-05-01,Vauniya,15
2019-06-01,Vauniya,11
2019-07-01,Vauniya,17
2019-08-01,Vauniya,15
2019-09-01,Vauniya,28
2019-10-01,Vauniya,60
2019-11-01,Vauniya,262
2019-12-01,Vauniya,306
2019-01-01,Mulative,47
2019-02-01,Mulative,31
2019-03-01,Mulative,12
2019-04-01,Mulative,3
2019-05-01,Mulative,10
2019-06-01,Mulative,1
2019-07-01,Mulative,10
2019-08-01,Mulative,7
2019-09-01,Mulative,1
2019-10-01,Mulative,18
2019-11-01,Mulative,56
2019-12-01,Mulative,72
2019-01-01,Battocolo,191
2019-02-01,Battocolo,195
2019-03-01,Battocolo,218
2019-04-01,Battocolo,128
2019-05-01,Battocolo,101
2019-06-01,Battocolo,74
2019-07-01,Battocolo,84
2019-08-01,Battocolo,96
2019-09-01,Battocolo,66
2019-10-01,Battocolo,164
2019-11-01,Battocolo,511
2019-12-01,Battocolo,1020
2019-01-01,Ampara,25
2019-02-01,Ampara,18
2019-03-01,Ampara,37
2019-04-01,Ampara,12
2019-05-01,Ampara,11
2019-06-01,Ampara,24
2019-07-01,Ampara,26
2019-08-01,Ampara,33
2019-09-01,Ampara,24
2019-10-01,Ampara,37
2019-11-01,Ampara,60
2019-12-01,Ampara,81
2019-01-01,Trincomalee,157
2019-02-01,Trincomalee,106
2019-03-01,Trincomalee,164
2019-04-01,Trincomalee,148
2019-05-01,Trincomalee,108
2019-06-01,Trincomalee,97
2019-07-01,Trincomalee,105
2019-08-01,Trincomalee,52
2019-09-01,Trincomalee,45
2019-10-01,Trincomalee,85
2019-11-01,Trincomalee,536
2019-12-01,Trincomalee,1366
2019-01-01,Kurunegala,215
2019-02-01,Kurunegala,147
2019-03-01,Kurunegala,148
2019-04-01,Kurunegala,119
2019-05-01,Kurunegala,121
2019-06-01,Kurunegala,134
2019-07-01,Kurunegala,259
2019-08-01,Kurunegala,263
2019-09-01,Kurunegala,195
2019-10-01,Kurunegala,350
2019-11-01,Kurunegala,612
2019-12-01,Kurunegala,655
2019-01-01,Puttalama,79
2019-02-01,Puttalama,60
2019-03-01,Puttalama,52
2019-04-01,Puttalama,29
2019-05-01,Puttalama,33
2019-06-01,Puttalama,92
2019-07-01,Puttalama,137
2019-08-01,Puttalama,150
2019-09-01,Puttalama,159
2019-10-01,Puttalama,355
2019-11-01,Puttalama,624
2019-12-01,Puttalama,487
2019-01-01,Anuradapura,64
2019-02-01,Anuradapura,53
2019-03-01,Anuradapura,51
2019-04-01,Anuradapura,34
2019-05-01,Anuradapura,36
2019-06-01,Anuradapura,62
2019-07-01,Anuradapura,78
2019-08-01,Anuradapura,103
2019-09-01,Anuradapura,54
2019-10-01,Anuradapura,105
2019-11-01,Anuradapura,254
2019-12-01,Anuradapura,270
2019-01-01,Polonnaruwa,39
2019-02-01,Polonnaruwa,19
2019-03-01,Polonnaruwa,25
2019-04-01,Polonnaruwa,21
2019-05-01,Polonnaruwa,23
2019-06-01,Polonnaruwa,40
2019-07-01,Polonnaruwa,49
2019-08-01,Polonnaruwa,43
2019-09-01,Polonnaruwa,36
2019-10-01,Polonnaruwa,51
2019-11-01,Polonnaruwa,108
2019-12-01,Polonnaruwa,107
2019-01-01,Badulla,79
2019-02-01,Badulla,68
2019-03-01,Badulla,73
2019-04-01,Badulla,45
2019-05-01,Badulla,41
2019-06-01,Badulla,88
2019-07-01,Badulla,113
2019-08-01,Badulla,144
2019-09-01,Badulla,126
2019-10-01,Badulla,230
2019-11-01,Badulla,490
2019-12-01,Badulla,425
2019-01-01,Monaragala,60
2019-02-01,Monaragala,38
2019-03-01,Monaragala,49
2019-04-01,Monaragala,39
2019-05-01,Monaragala,29
2019-06-01,Monaragala,59
2019-07-01,Monaragala,48
2019-08-01,Monaragala,11
2019-09-01,Monaragala,0
2019-10-01,Monaragala,0
2019-11-01,Monaragala,0
2019-12-01,Monaragala,0
2019-01-01,Rathnapura,177
2019-02-01,Rathnapura,165
2019-03-01,Rathnapura,210
2019-04-01,Rathnapura,176
2019-05-01,Rathnapura,235
2019-06-01,Rathnapura,347
2019-07-01,Rathnapura,354
2019-08-01,Rathnapura,439
2019-09-01,Rathnapura,415
2019-10-01,Rathnapura,425
2019-11-01,Rathnapura,687
2019-12-01,Rathnapura,456
2019-01-01,Kegalla,150
2019-02-01,Kegalla,98
2019-03-01,Kegalla,109
2019-04-01,Kegalla,90
2019-05-01,Kegalla,114
2019-06-01,Kegalla,171
2019-07-01,Kegalla,215
2019-08-01,Kegalla,258
2019-09-01,Kegalla,317
2019-10-01,Kegalla,332
2019-11-01,Kegalla,494
2019-12-01,Kegalla,368
2019-01-01,Kalminai,107
2019-02-01,Kalminai,94
2019-03-01,Kalminai,115
2019-04-01,Kalminai,92
2019-05-01,Kalminai,67
2019-06-01,Kalminai,48
2019-07-01,Kalminai,29
2019-08-01,Kalminai,33
2019-09-01,Kalminai,29
2019-10-01,Kalminai,46
2019-11-01,Kalminai,372
2019-12-01,Kalminai,497
2020-01-01,Colombo,1693
2020-02-01,Colombo,767
2020-03-01,Colombo,235
2020-04-01,Colombo,30
2020-05-01,Colombo,189
2020-06-01,Colombo,294
2020-07-01,Colombo,324
2020-08-01,Colombo,231
2020-09-01,Colombo,192
2020-10-01,Colombo,151
2020-11-01,Colombo,59
2020-12-01,Colombo,92
2020-01-01,Gampaha,1049
2020-02-01,Gampaha,452
2020-03-01,Gampaha,128
2020-04-01,Gampaha,36
2020-05-01,Gampaha,95
2020-06-01,Gampaha,188
2020-07-01,Gampaha,175
2020-08-01,Gampaha,216
2020-09-01,Gampaha,177
2020-10-01,Gampaha,45
2020-11-01,Gampaha,53
2020-12-01,Gampaha,52
2020-01-01,Kalutara,536
2020-02-01,Kalutara,273
2020-03-01,Kalutara,112
2020-04-01,Kalutara,46
2020-05-01,Kalutara,111
2020-06-01,Kalutara,250
2020-07-01,Kalutara,177
2020-08-01,Kalutara,101
2020-09-01,Kalutara,82
2020-10-01,Kalutara,37
2020-11-01,Kalutara,33
2020-12-01,Kalutara,52
2020-01-01,Kandy,674
2020-02-01,Kandy,290
2020-03-01,Kandy,114
2020-04-01,Kandy,36
2020-05-01,Kandy,230
2020-06-01,Kandy,449
2020-07-01,Kandy,595
2020-08-01,Kandy,406
2020-09-01,Kandy,275
2020-10-01,Kandy,205
2020-11-01,Kandy,124
2020-12-01,Kandy,45
2020-01-01,Matale,276
2020-02-01,Matale,110
2020-03-01,Matale,44
2020-04-01,Matale,9
2020-05-01,Matale,23
2020-06-01,Matale,25
2020-07-01,Matale,36
2020-08-01,Matale,19
2020-09-01,Matale,15
2020-10-01,Matale,14
2020-11-01,Matale,14
2020-12-01,Matale,10
2020-01-01,N eliya,77
2020-02-01,N eliya,28
2020-03-01,N eliya,16
2020-04-01,N eliya,1
2020-05-01,N eliya,2
2020-06-01,N eliya,11
2020-07-01,N eliya,14
2020-08-01,N eliya,9
2020-09-01,N eliya,8
2020-10-01,N eliya,1
2020-11-01,N eliya,0
2020-12-01,N eliya,1
2020-01-01,Galle,651
2020-02-01,Galle,249
2020-03-01,Galle,63
2020-04-01,Galle,41
2020-05-01,Galle,233
2020-06-01,Galle,149
2020-07-01,Galle,101
2020-08-01,Galle,60
2020-09-01,Galle,67
2020-10-01,Galle,27
2020-11-01,Galle,17
2020-12-01,Galle,13
2020-01-01,Hambantota,156
2020-02-01,Hambantota,78
2020-03-01,Hambantota,24
2020-04-01,Hambantota,6
2020-05-01,Hambantota,11
2020-06-01,Hambantota,15
2020-07-01,Hambantota,24
2020-08-01,Hambantota,17
2020-09-01,Hambantota,12
2020-10-01,Hambantota,10
2020-11-01,Hambantota,6
2020-12-01,Hambantota,9
2020-01-01,Matara,227
2020-02-01,Matara,120
2020-03-01,Matara,21
2020-04-01,Matara,6
2020-05-01,Matara,21
2020-06-01,Matara,27
2020-07-01,Matara,39
2020-08-01,Matara,17
2020-09-01,Matara,15
2020-10-01,Matara,27
2020-11-01,Matara,17
2020-12-01,Matara,8
2020-01-01,Jaffna,1061
2020-02-01,Jaffna,490
2020-03-01,Jaffna,154
2020-04-01,Jaffna,38
2020-05-01,Jaffna,112
2020-06-01,Jaffna,58
2020-07-01,Jaffna,51
2020-08-01,Jaffna,26
2020-09-01,Jaffna,55
2020-10-01,Jaffna,52
2020-11-01,Jaffna,21
2020-12-01,Jaffna,39
2020-01-01,Killinochchi,64
2020-02-01,Killinochchi,31
2020-03-01,Killinochchi,8
2020-04-01,Killinochchi,1
2020-05-01,Killinochchi,1
2020-06-01,Killinochchi,11
2020-07-01,Killinochchi,6
2020-08-01,Killinochchi,3
2020-09-01,Killinochchi,1
2020-10-01,Killinochchi,3
2020-11-01,Killinochchi,5
2020-12-01,Killinochchi,1
2020-01-01,Mannar,90
2020-02-01,Mannar,25
2020-03-01,Mannar,2
2020-04-01,Mannar,1
2020-05-01,Mannar,1
2020-06-01,Mannar,3
2020-07-01,Mannar,8
2020-08-01,Mannar,3
2020-09-01,Mannar,1
2020-10-01,Mannar,0
2020-11-01,Mannar,0
2020-12-01,Mannar,3
2020-01-01,Vauniya,139
2020-02-01,Vauniya,72
2020-03-01,Vauniya,15
2020-04-01,Vauniya,5
2020-05-01,Vauniya,4
2020-06-01,Vauniya,4
2020-07-01,Vauniya,7
2020-08-01,Vauniya,2
2020-09-01,Vauniya,1
2020-10-01,Vauniya,0
2020-11-01,Vauniya,2
2020-12-01,Vauniya,1
2020-01-01,Mulative,58
2020-02-01,Mulative,15
2020-03-01,Mulative,2
2020-04-01,Mulative,1
2020-05-01,Mulative,1
2020-06-01,Mulative,2
2020-07-01,Mulative,2
2020-08-01,Mulative,3
2020-09-01,Mulative,1
2020-10-01,Mulative,0
2020-11-01,Mulative,1
2020-12-01,Mulative,4
2020-01-01,Battocolo,1088
2020-02-01,Battocolo,650
2020-03-01,Battocolo,222
2020-04-01,Battocolo,86
2020-05-01,Battocolo,84
2020-06-01,Battocolo,69
2020-07-01,Battocolo,78
2020-08-01,Battocolo,40
2020-09-01,Battocolo,48
2020-10-01,Battocolo,236
2020-11-01,Battocolo,276
2020-12-01,Battocolo,840
2020-01-01,Ampara,152
2020-02-01,Ampara,88
2020-03-01,Ampara,39
2020-04-01,Ampara,3
2020-05-01,Ampara,6
2020-06-01,Ampara,10
2020-07-01,Ampara,5
2020-08-01,Ampara,4
2020-09-01,Ampara,3
2020-10-01,Ampara,3
2020-11-01,Ampara,5
2020-12-01,Ampara,0
2020-01-01,Trincomalee,1455
2020-02-01,Trincomalee,569
2020-03-01,Trincomalee,143
2020-04-01,Trincomalee,40
2020-05-01,Trincomalee,33
2020-06-01,Trincomalee,13
2020-07-01,Trincomalee,17
2020-08-01,Trincomalee,5
2020-09-01,Trincomalee,3
2020-10-01,Trincomalee,5
2020-11-01,Trincomalee,5
2020-12-01,Trincomalee,8
2020-01-01,Kurunegala,421
2020-02-01,Kurunegala,174
2020-03-01,Kurunegala,55
2020-04-01,Kurunegala,7
2020-05-01,Kurunegala,18
2020-06-01,Kurunegala,62
2020-07-01,Kurunegala,57
2020-08-01,Kurunegala,69
2020-09-01,Kurunegala,30
2020-10-01,Kurunegala,34
2020-11-01,Kurunegala,11
2020-12-01,Kurunegala,31
2020-01-01,Puttalama,224
2020-02-01,Puttalama,83
2020-03-01,Puttalama,36
2020-04-01,Puttalama,5
2020-05-01,Puttalama,24
2020-06-01,Puttalama,21
2020-07-01,Puttalama,24
2020-08-01,Puttalama,35
2020-09-01,Puttalama,10
2020-10-01,Puttalama,13
2020-11-01,Puttalama,11
2020-12-01,Puttalama,14
2020-01-01,Anuradapura,184
2020-02-01,Anuradapura,95
2020-03-01,Anuradapura,44
2020-04-01,Anuradapura,8
2020-05-01,Anuradapura,9
2020-06-01,Anuradapura,26
2020-07-01,Anuradapura,19
2020-08-01,Anuradapura,9
2020-09-01,Anuradapura,12
2020-10-01,Anuradapura,11
2020-11-01,Anuradapura,6
2020-12-01,Anuradapura,10
2020-01-01,Polonnaruwa,81
2020-02-01,Polonnaruwa,77
2020-03-01,Polonnaruwa,23
2020-04-01,Polonnaruwa,2
2020-05-01,Polonnaruwa,7
2020-06-01,Polonnaruwa,20
2020-07-01,Polonnaruwa,10
2020-08-01,Polonnaruwa,4
2020-09-01,Polonnaruwa,7
2020-10-01,Polonnaruwa,12
2020-11-01,Polonnaruwa,3
2020-12-01,Polonnaruwa,5
2020-01-01,Badulla,230
2020-02-01,Badulla,91
2020-03-01,Badulla,33
2020-04-01,Badulla,9
2020-05-01,Badulla,15
2020-06-01,Badulla,30
2020-07-01,Badulla,23
2020-08-01,Badulla,21
2020-09-01,Badulla,14
2020-10-01,Badulla,12
2020-11-01,Badulla,17
2020-12-01,Badulla,30
2020-01-01,Monaragala,0
2020-02-01,Monaragala,0
2020-03-01,Monaragala,0
2020-04-01,Monaragala,0
2020-05-01,Monaragala,0
2020-06-01,Monaragala,0
2020-07-01,Monaragala,0
2020-08-01,Monaragala,0
2020-09-01,Monaragala,0
2020-10-01,Monaragala,0
2020-11-01,Monaragala,0
2020-12-01,Monaragala,0
2020-01-01,Rathnapura,296
2020-02-01,Rathnapura,206
2020-03-01,Rathnapura,69
2020-04-01,Rathnapura,47
2020-05-01,Rathnapura,223
2020-06-01,Rathnapura,398
2020-07-01,Rathnapura,381
2020-08-01,Rathnapura,174
2020-09-01,Rathnapura,90
2020-10-01,Rathnapura,65
2020-11-01,Rathnapura,47
2020-12-01,Rathnapura,18
2020-01-01,Kegalla,196
2020-02-01,Kegalla,107
2020-03-01,Kegalla,42
2020-04-01,Kegalla,17
2020-05-01,Kegalla,84
2020-06-01,Kegalla,100
2020-07-01,Kegalla,102
2020-08-01,Kegalla,64
2020-09-01,Kegalla,55
2020-10-01,Kegalla,37
2020-11-01,Kegalla,39
2020-12-01,Kegalla,22
2020-01-01,Kalminai,530
2020-02-01,Kalminai,228
2020-03-01,Kalminai,39
2020-04-01,Kalminai,30
2020-05-01,Kalminai,11
2020-06-01,Kalminai,17
2020-07-01,Kalminai,13
2020-08-01,Kalminai,21
2020-09-01,Kalminai,40
2020-10-01,Kalminai,30
2020-11-01,Kalminai,9
2020-12-01,Kalminai,12
